id,nct_id,phase
398,NCT03840135,PHASE3
399,NCT04014335,PHASE2
400,NCT02661035,PHASE2
401,NCT00022035,NA
402,NCT03546335,PHASE1
403,NCT00467935,PHASE1
404,NCT00467935,PHASE2
405,NCT07343635,NA
406,NCT00555035,PHASE1
407,NCT00561535,PHASE2
408,NCT01504035,PHASE2
409,NCT01504035,PHASE3
410,NCT05277935,NA
411,NCT01497535,PHASE1
412,NCT00317135,PHASE3
413,NCT00880035,PHASE2
414,NCT00880035,PHASE3
415,NCT04007835,NA
416,NCT01565135,NA
417,NCT07589335,NA
418,NCT06730035,NA
419,NCT00752635,PHASE4
420,NCT06391008,PHASE2
421,NCT05222308,NA
422,NCT01561508,PHASE2
423,NCT05015608,PHASE3
424,NCT04296708,NA
425,NCT06610708,NA
426,NCT00940108,PHASE2
427,NCT03718208,NA
428,NCT00000708,NA
429,NCT02138708,NA
430,NCT04156308,NA
431,NCT04857008,NA
432,NCT06766708,NA
433,NCT03524508,PHASE2
434,NCT06981208,NA
435,NCT02437708,PHASE3
436,NCT00906308,PHASE3
437,NCT01675908,NA
438,NCT06777108,NA
439,NCT06322108,PHASE2
440,NCT01322308,PHASE4
441,NCT05694208,NA
442,NCT04535908,NA
443,NCT02320708,PHASE2
444,NCT00668408,PHASE4
445,NCT02166008,PHASE2
446,NCT02166008,PHASE3
447,NCT07542808,PHASE2
448,NCT07542808,PHASE3
449,NCT04428008,PHASE2
450,NCT05423808,NA
451,NCT05765708,NA
452,NCT03820908,PHASE2
453,NCT00472108,PHASE3
454,NCT07635108,NA
455,NCT05747625,PHASE1
456,NCT01126125,NA
457,NCT02543125,NA
458,NCT06161025,PHASE2
459,NCT06161025,PHASE3
460,NCT02106325,PHASE2
461,NCT05936125,NA
462,NCT04122625,PHASE1
463,NCT04122625,PHASE2
464,NCT05765825,PHASE2
465,NCT06895525,NA
466,NCT01258725,PHASE1
467,NCT03052725,PHASE3
468,NCT02078076,NA
469,NCT04286776,NA
470,NCT00876876,PHASE3
471,NCT01685476,PHASE4
472,NCT02734576,NA
473,NCT00740376,NA
474,NCT04876976,PHASE2
475,NCT04876976,PHASE3
476,NCT00252876,PHASE3
477,NCT07072676,NA
478,NCT06787976,PHASE4
479,NCT05714176,PHASE4
480,NCT05530876,NA
481,NCT05701917,NA
482,NCT02315417,PHASE3
483,NCT06587217,PHASE1
484,NCT06587217,PHASE2
485,NCT03983317,NA
486,NCT01140217,PHASE3
487,NCT01313117,PHASE1
488,NCT01313117,PHASE2
489,NCT00910117,PHASE2
490,NCT03576417,PHASE3
491,NCT05906017,NA
492,NCT02752217,NA
493,NCT06509217,NA
494,NCT05344417,NA
495,NCT05012917,NA
496,NCT06757517,PHASE2
497,NCT05766540,PHASE4
498,NCT04133740,PHASE4
499,NCT04930640,NA
500,NCT06922240,PHASE3
501,NCT06731140,PHASE2
502,NCT05147740,PHASE4
503,NCT02108340,NA
504,NCT06307340,NA
505,NCT06112340,PHASE2
506,NCT06112340,PHASE3
507,NCT01730040,PHASE3
508,NCT00037089,PHASE2
509,NCT01941589,PHASE4
510,NCT05585489,NA
511,NCT00220389,PHASE2
512,NCT07658989,NA
513,NCT04941989,PHASE1
514,NCT06643689,PHASE2
515,NCT07460089,NA
516,NCT04553289,NA
517,NCT06799689,NA
518,NCT02652689,NA
519,NCT04449289,PHASE2
520,NCT02629289,PHASE1
521,NCT03206489,NA
522,NCT02486289,PHASE2
523,NCT04568889,NA
524,NCT03435289,PHASE1
525,NCT00954889,NA
526,NCT02520089,NA
527,NCT00980889,PHASE4
528,NCT03012789,NA
529,NCT03541889,PHASE1
530,NCT01424189,NA
531,NCT00255489,PHASE1
532,NCT07099989,PHASE1
533,NCT01897389,PHASE1
534,NCT00290589,PHASE3
535,NCT03896789,NA
536,NCT03424889,NA
537,NCT07107789,NA
538,NCT01624389,NA
539,NCT07252089,NA
540,NCT05125068,PHASE2
541,NCT07117968,NA
542,NCT06002568,NA
543,NCT03171168,NA
544,NCT04629768,NA
545,NCT03743168,NA
546,NCT06765668,PHASE4
547,NCT05886868,PHASE1
548,NCT05804968,NA
549,NCT06417268,PHASE2
550,NCT06603168,NA
551,NCT06587568,NA
552,NCT07042568,NA
553,NCT02001168,PHASE3
554,NCT00751868,PHASE2
555,NCT00282568,PHASE2
556,NCT03728868,NA
557,NCT05712668,NA
558,NCT06110468,NA
559,NCT07221968,PHASE2
560,NCT00819468,PHASE1
561,NCT01984268,PHASE2
562,NCT05390268,NA
563,NCT05718050,NA
564,NCT00001550,PHASE1
565,NCT04221750,PHASE3
566,NCT00815750,NA
567,NCT07432750,NA
568,NCT05095350,EARLY_PHASE1
569,NCT01521650,NA
570,NCT02040350,PHASE1
571,NCT07044050,PHASE1
572,NCT06039150,NA
573,NCT00150150,PHASE3
574,NCT05513950,PHASE1
575,NCT00966550,NA
576,NCT05755750,PHASE3
577,NCT05578950,PHASE1
578,NCT01073150,PHASE2
579,NCT02516150,PHASE4
580,NCT01023191,NA
581,NCT02423291,PHASE2
582,NCT06549491,NA
583,NCT00070291,PHASE2
584,NCT04283591,NA
585,NCT05668091,PHASE2
586,NCT00384891,PHASE3
587,NCT03959891,PHASE1
588,NCT04717791,NA
589,NCT05172791,NA
590,NCT00655291,PHASE3
591,NCT03690791,PHASE3
592,NCT01020591,NA
593,NCT06719791,EARLY_PHASE1
594,NCT02081391,PHASE3
595,NCT06669091,PHASE1
596,NCT00816491,NA
597,NCT00482391,PHASE2
598,NCT06017674,NA
599,NCT02636374,NA
600,NCT04643574,PHASE1
601,NCT03048474,PHASE2
602,NCT04858074,PHASE1
603,NCT04858074,PHASE2
604,NCT01241474,NA
605,NCT06874374,NA
606,NCT04845074,NA
607,NCT04431674,PHASE1
608,NCT07286474,NA
609,NCT04453774,NA
610,NCT03027674,EARLY_PHASE1
611,NCT01502774,PHASE3
612,NCT05972174,PHASE1
613,NCT05972174,PHASE2
614,NCT04614974,PHASE1
615,NCT04614974,PHASE2
616,NCT01381874,PHASE2
617,NCT03530774,NA
618,NCT06713018,NA
619,NCT00005918,PHASE3
620,NCT05038618,PHASE2
621,NCT07433218,NA
622,NCT06453018,NA
623,NCT02298218,PHASE4
624,NCT01360918,NA
625,NCT06793618,NA
626,NCT02281318,PHASE3
627,NCT00443118,PHASE3
628,NCT04791618,NA
629,NCT06070818,NA
630,NCT05705518,PHASE4
631,NCT02465918,NA
632,NCT07599618,NA
633,NCT06776718,NA
634,NCT04847518,PHASE2
635,NCT04847518,PHASE3
636,NCT06859918,NA
637,NCT06471218,PHASE2
638,NCT01542918,PHASE1
639,NCT02179190,NA
640,NCT05340790,PHASE1
641,NCT06947590,NA
642,NCT06872190,NA
643,NCT06583590,PHASE2
644,NCT06583590,PHASE3
645,NCT00001890,PHASE2
646,NCT06015490,NA
647,NCT05624190,PHASE4
648,NCT03627390,PHASE2
649,NCT06933290,NA
650,NCT00801190,NA
651,NCT07254390,NA
652,NCT05056090,NA
653,NCT07418190,PHASE2
654,NCT02989090,NA
655,NCT05214690,PHASE1
656,NCT00208390,PHASE4
657,NCT00365690,PHASE2
658,NCT00365690,PHASE3
659,NCT00707590,PHASE1
660,NCT00541190,NA
661,NCT06153290,NA
662,NCT06407297,NA
663,NCT03153397,NA
664,NCT05011097,PHASE1
665,NCT01369797,NA
666,NCT04348097,NA
667,NCT01226797,PHASE2
668,NCT03207997,NA
669,NCT01274897,PHASE3
670,NCT06476197,NA
671,NCT02184897,NA
672,NCT00167297,PHASE2
673,NCT04437797,NA
674,NCT01741597,PHASE1
675,NCT04986397,NA
676,NCT02165397,PHASE3
677,NCT05524597,PHASE1
678,NCT04216797,PHASE4
679,NCT03726697,NA
680,NCT07123597,NA
681,NCT06121297,PHASE1
682,NCT06121297,PHASE2
683,NCT05740397,NA
684,NCT06617897,PHASE3
685,NCT06706297,NA
686,NCT00671697,PHASE1
687,NCT00055497,PHASE3
688,NCT03503110,NA
689,NCT00275210,PHASE3
690,NCT07331610,NA
691,NCT05359510,NA
692,NCT05355610,NA
693,NCT03318510,NA
694,NCT04424810,NA
695,NCT03166410,NA
696,NCT05039710,PHASE1
697,NCT01277510,PHASE3
698,NCT04947410,NA
699,NCT00416910,PHASE3
700,NCT02764710,PHASE3
701,NCT07633210,NA
702,NCT06668610,NA
703,NCT04079010,NA
704,NCT01338610,PHASE2
705,NCT00470210,PHASE4
706,NCT05819710,PHASE1
707,NCT02301910,PHASE3
708,NCT04643210,NA
709,NCT00601913,EARLY_PHASE1
710,NCT04287413,NA
711,NCT01229813,PHASE3
712,NCT01300013,PHASE2
713,NCT02906813,PHASE1
714,NCT02307513,PHASE3
715,NCT01751113,PHASE4
716,NCT04707313,PHASE2
717,NCT02743013,PHASE1
718,NCT01783613,NA
719,NCT02411513,PHASE1
720,NCT02347813,PHASE2
721,NCT03408613,NA
722,NCT02148913,PHASE1
723,NCT01773213,NA
724,NCT01257360,PHASE2
725,NCT03168360,NA
726,NCT05227560,NA
727,NCT05256160,NA
728,NCT06652360,NA
729,NCT05741060,PHASE2
730,NCT06605560,NA
731,NCT06645860,NA
732,NCT00448760,PHASE2
733,NCT00439660,PHASE1
734,NCT00439660,PHASE2
735,NCT07502820,PHASE3
736,NCT06102720,PHASE4
737,NCT03562520,NA
738,NCT00242320,PHASE3
739,NCT05088720,NA
740,NCT05720520,NA
741,NCT02774720,NA
742,NCT07627620,PHASE2
743,NCT05684120,NA
744,NCT07440420,NA
745,NCT01590420,PHASE4
746,NCT01834820,PHASE4
747,NCT03756220,PHASE2
748,NCT00333320,PHASE1
749,NCT00333320,PHASE2
750,NCT04124120,NA
751,NCT07658820,NA
752,NCT07489820,NA
753,NCT03335982,NA
754,NCT07642882,NA
755,NCT02626182,PHASE1
756,NCT02626182,PHASE2
757,NCT00711282,NA
758,NCT06067282,NA
759,NCT01805882,PHASE2
760,NCT07680582,EARLY_PHASE1
761,NCT07352982,NA
762,NCT06338982,NA
763,NCT01244282,PHASE1
764,NCT02432482,NA
765,NCT01489982,EARLY_PHASE1
766,NCT01681082,NA
767,NCT00877682,NA
768,NCT02676882,NA
769,NCT01989182,NA
770,NCT04925882,NA
771,NCT01097382,PHASE4
772,NCT02170324,PHASE4
773,NCT07409324,NA
774,NCT00982124,PHASE3
775,NCT07327424,NA
776,NCT05315024,NA
777,NCT06206824,PHASE1
778,NCT01790724,NA
779,NCT01092624,PHASE4
780,NCT00053924,PHASE2
781,NCT00186524,PHASE2
782,NCT07079124,NA
783,NCT05199324,PHASE4
784,NCT07098624,NA
785,NCT05369624,NA
786,NCT07404124,NA
787,NCT04685824,NA
788,NCT06739824,NA
789,NCT04419324,NA
790,NCT06776224,NA
791,NCT06729723,NA
792,NCT02472223,NA
793,NCT06322823,NA
794,NCT06750523,NA
795,NCT04171323,NA
796,NCT07594223,NA
797,NCT00832923,NA
798,NCT06845423,PHASE4
799,NCT04914923,NA
800,NCT03440723,NA
801,NCT03579823,PHASE1
802,NCT04357223,PHASE2
803,NCT02377323,NA
804,NCT07336823,EARLY_PHASE1
805,NCT03007823,PHASE1
806,NCT03007823,PHASE2
807,NCT01211223,PHASE4
808,NCT01571323,PHASE1
809,NCT01571323,PHASE2
810,NCT01268423,PHASE3
811,NCT00029159,PHASE3
812,NCT00001059,PHASE2
813,NCT07420959,PHASE1
814,NCT07420959,PHASE2
815,NCT00828659,PHASE1
816,NCT03774459,PHASE2
817,NCT03783559,PHASE3
818,NCT05502159,NA
819,NCT00988559,PHASE1
820,NCT05959759,PHASE4
821,NCT00992459,PHASE3
822,NCT04857359,PHASE2
823,NCT04857359,PHASE3
824,NCT07190859,NA
825,NCT04330859,NA
826,NCT00770159,PHASE1
827,NCT00605059,PHASE1
828,NCT00855959,PHASE3
829,NCT00497159,PHASE2
830,NCT02883959,NA
831,NCT01223859,NA
832,NCT04865159,PHASE1
833,NCT00348959,NA
834,NCT04338659,PHASE1
835,NCT03804359,PHASE2
836,NCT01700959,PHASE3
837,NCT05298059,NA
838,NCT00395759,NA
839,NCT03623659,NA
840,NCT06941259,NA
841,NCT00385359,PHASE4
842,NCT01933659,PHASE3
843,NCT03461159,NA
844,NCT03140280,PHASE2
845,NCT03549780,NA
846,NCT03019380,NA
847,NCT04507880,NA
848,NCT00895180,PHASE2
849,NCT02517580,PHASE2
850,NCT05397080,NA
851,NCT06775080,PHASE2
852,NCT01216280,PHASE2
853,NCT06560580,NA
854,NCT04797780,PHASE3
855,NCT02058680,PHASE1
856,NCT00320580,PHASE2
857,NCT02620280,PHASE3
858,NCT06158880,NA
859,NCT02221479,PHASE2
860,NCT00134979,PHASE4
861,NCT02503579,NA
862,NCT04565379,PHASE2
863,NCT00358579,PHASE3
864,NCT07663279,NA
865,NCT01987479,PHASE3
866,NCT06017479,PHASE1
867,NCT06017479,PHASE2
868,NCT01514279,NA
869,NCT02789579,EARLY_PHASE1
870,NCT00742079,PHASE4
871,NCT05420779,PHASE2
872,NCT06298279,NA
873,NCT04408079,PHASE1
874,NCT06853379,NA
875,NCT01156896,NA
876,NCT03903796,PHASE3
877,NCT04162496,NA
878,NCT01984996,NA
879,NCT05445596,NA
880,NCT01562496,NA
881,NCT06661096,NA
882,NCT01908296,PHASE1
883,NCT00756496,NA
884,NCT07489196,PHASE2
885,NCT04153396,PHASE4
886,NCT02299596,NA
887,NCT06267196,NA
888,NCT04993196,NA
889,NCT07603362,NA
890,NCT04881162,NA
891,NCT00994162,NA
892,NCT00130962,PHASE2
893,NCT03521362,NA
894,NCT04310462,NA
895,NCT01273662,PHASE2
896,NCT00595062,NA
897,NCT05315362,PHASE2
898,NCT00306462,NA
899,NCT06513962,PHASE3
900,NCT00663962,PHASE4
901,NCT02598362,PHASE4
902,NCT05834062,PHASE2
903,NCT01394562,PHASE3
904,NCT02155062,NA
905,NCT07310862,NA
906,NCT00205062,PHASE4
907,NCT00250562,PHASE3
908,NCT06088862,PHASE3
909,NCT04987762,PHASE4
910,NCT00828646,PHASE1
911,NCT04937946,PHASE4
912,NCT07047846,NA
913,NCT06387446,NA
914,NCT02807246,NA
915,NCT01981746,PHASE4
916,NCT04133246,NA
917,NCT07614646,PHASE1
918,NCT06886646,PHASE2
919,NCT04189146,NA
920,NCT07495046,NA
921,NCT03734146,NA
922,NCT01621646,NA
923,NCT07462546,NA
924,NCT00471146,PHASE3
925,NCT02771288,NA
926,NCT04075188,NA
927,NCT01388088,PHASE4
928,NCT05614388,NA
929,NCT00615888,NA
930,NCT04207788,NA
931,NCT07660588,NA
932,NCT03175588,NA
933,NCT06070688,NA
934,NCT05021588,NA
935,NCT02066688,PHASE2
936,NCT02066688,PHASE3
937,NCT06575088,NA
938,NCT06134388,PHASE3
939,NCT05421988,NA
940,NCT06340503,NA
941,NCT00368303,PHASE3
942,NCT07557303,NA
943,NCT06547203,PHASE2
944,NCT06296303,NA
945,NCT00060203,PHASE1
946,NCT00060203,PHASE2
947,NCT02271503,PHASE2
948,NCT04134403,PHASE3
949,NCT02063503,NA
950,NCT05754203,NA
951,NCT05092503,PHASE1
952,NCT05092503,PHASE2
953,NCT02155803,PHASE2
954,NCT02155803,PHASE3
955,NCT01859403,NA
956,NCT06750003,NA
957,NCT06951503,PHASE3
958,NCT03164603,PHASE1
959,NCT00013403,PHASE2
960,NCT01656603,PHASE2
961,NCT05910203,NA
962,NCT03173703,NA
963,NCT02606903,PHASE1
964,NCT05254327,PHASE2
965,NCT00180427,PHASE4
966,NCT00199927,PHASE3
967,NCT03470727,NA
968,NCT02194127,PHASE2
969,NCT04367727,NA
970,NCT00003027,PHASE3
971,NCT05774327,NA
972,NCT05964127,NA
973,NCT07651527,NA
974,NCT02581527,PHASE3
975,NCT06257927,NA
976,NCT07491627,NA
977,NCT05552027,PHASE2
978,NCT00870727,PHASE3
979,NCT03375827,NA
980,NCT07580027,NA
981,NCT00550927,PHASE1
982,NCT03514927,NA
983,NCT04985227,NA
984,NCT00487227,NA
985,NCT00775827,NA
986,NCT06095661,NA
987,NCT06727461,NA
988,NCT05103761,NA
989,NCT07237061,NA
990,NCT03300661,NA
991,NCT03923361,PHASE2
992,NCT03923361,PHASE3
993,NCT07516561,PHASE3
994,NCT03335761,NA
995,NCT03474042,PHASE2
996,NCT03337542,PHASE3
997,NCT05854342,NA
998,NCT01050842,EARLY_PHASE1
999,NCT06651242,NA
1000,NCT03288142,NA
1001,NCT06126042,PHASE1
1002,NCT03717142,NA
1003,NCT00031642,PHASE1
1004,NCT00031642,PHASE2
1005,NCT04644042,NA
1006,NCT07567742,PHASE2
1007,NCT06178042,NA
1008,NCT00286442,PHASE3
1009,NCT05190042,NA
1010,NCT05056142,NA
1011,NCT00395486,PHASE4
1012,NCT05496686,PHASE1
1013,NCT00099086,PHASE1
1014,NCT02506686,PHASE4
1015,NCT03267186,PHASE2
1016,NCT06926686,NA
1017,NCT05695586,NA
1018,NCT07600086,NA
1019,NCT02727686,NA
1020,NCT06162286,PHASE3
1021,NCT04798586,PHASE1
1022,NCT02354586,PHASE2
1023,NCT03137186,PHASE2
1024,NCT07484386,NA
1025,NCT04776486,NA
1026,NCT06069986,NA
1027,NCT02062086,NA
1028,NCT05367986,NA
1029,NCT05788770,NA
1030,NCT05130970,PHASE2
1031,NCT05246670,PHASE2
1032,NCT06880770,PHASE3
1033,NCT01901770,NA
1034,NCT00244270,PHASE4
1035,NCT02975570,PHASE3
1036,NCT05723770,PHASE4
1037,NCT03522870,NA
1038,NCT00631670,NA
1039,NCT02481570,NA
1040,NCT04781270,PHASE3
1041,NCT05669170,PHASE2
1042,NCT02858570,PHASE2
1043,NCT02858570,PHASE3
1044,NCT06640270,NA
1045,NCT05735470,NA
1046,NCT07179770,PHASE1
1047,NCT03015870,NA
1048,NCT06490770,NA
1049,NCT03226470,PHASE1
1050,NCT05938673,NA
1051,NCT02831673,PHASE3
1052,NCT04785573,NA
1053,NCT04619173,NA
1054,NCT06688773,NA
1055,NCT06860373,PHASE3
1056,NCT01093573,PHASE1
1057,NCT01093573,PHASE2
1058,NCT00355173,PHASE1
1059,NCT05409573,NA
1060,NCT00968773,PHASE4
1061,NCT04174573,NA
1062,NCT02595073,PHASE3
1063,NCT01619969,PHASE1
1064,NCT01619969,PHASE2
1065,NCT04447469,PHASE2
1066,NCT04447469,PHASE3
1067,NCT02383069,NA
1068,NCT07276269,NA
1069,NCT02276469,NA
1070,NCT06754969,NA
1071,NCT01445769,PHASE2
1072,NCT05436769,PHASE1
1073,NCT00475969,PHASE3
1074,NCT01743469,PHASE2
1075,NCT03112083,NA
1076,NCT05465083,NA
1077,NCT07112183,PHASE4
1078,NCT06498583,NA
1079,NCT00885183,NA
1080,NCT07515183,NA
1081,NCT05739383,PHASE3
1082,NCT03983083,NA
1083,NCT04808583,NA
1084,NCT02988583,NA
1085,NCT00539383,PHASE1
1086,NCT00398983,PHASE2
1087,NCT00398983,PHASE3
1088,NCT04265183,NA
1089,NCT01678183,NA
1090,NCT02954783,NA
1091,NCT02976883,PHASE2
1092,NCT01051583,PHASE2
1093,NCT04461041,PHASE4
1094,NCT07015541,NA
1095,NCT07674641,NA
1096,NCT01062841,NA
1097,NCT01560741,PHASE1
1098,NCT04940741,PHASE3
1099,NCT02481141,NA
1100,NCT04923841,NA
1101,NCT00902941,PHASE4
1102,NCT02241941,PHASE4
1103,NCT07530341,NA
1104,NCT04501341,PHASE1
1105,NCT04501341,PHASE2
1106,NCT01690741,PHASE1
1107,NCT02327741,NA
1108,NCT00297141,PHASE2
1109,NCT03733041,NA
1110,NCT00151541,PHASE3
1111,NCT00284141,PHASE2
1112,NCT07054541,PHASE4
1113,NCT06104254,NA
1114,NCT00093054,PHASE2
1115,NCT00093054,PHASE3
1116,NCT03068754,PHASE2
1117,NCT03068754,PHASE3
1118,NCT06785454,PHASE2
1119,NCT00969254,PHASE3
1120,NCT00008554,PHASE3
1121,NCT06169254,NA
1122,NCT03739554,PHASE1
1123,NCT03103854,NA
1124,NCT05490654,NA
1125,NCT05915754,NA
1126,NCT04825054,NA
1127,NCT00546754,PHASE3
1128,NCT00333554,NA
1129,NCT02579954,NA
1130,NCT01159054,NA
1131,NCT07387705,PHASE1
1132,NCT05188105,NA
1133,NCT02298205,PHASE4
1134,NCT06560905,PHASE2
1135,NCT03266705,PHASE1
1136,NCT04460105,PHASE1
1137,NCT02423005,NA
1138,NCT03028805,NA
1139,NCT03080805,PHASE3
1140,NCT05056805,NA
1141,NCT07134205,PHASE3
1142,NCT02565394,NA
1143,NCT03736694,NA
1144,NCT02912494,PHASE3
1145,NCT04686994,PHASE1
1146,NCT02144194,PHASE2
1147,NCT01153594,PHASE3
1148,NCT05357794,PHASE2
1149,NCT04823494,NA
1150,NCT02244294,PHASE2
1151,NCT02085694,PHASE2
1152,NCT02085694,PHASE3
1153,NCT06070194,NA
1154,NCT03107494,NA
1155,NCT07037394,PHASE4
1156,NCT04189094,PHASE2
1157,NCT06674694,PHASE1
1158,NCT04878094,PHASE3
1159,NCT05314894,NA
1160,NCT04980794,NA
1161,NCT01102894,NA
1162,NCT06883994,NA
1163,NCT06877494,PHASE2
1164,NCT00292994,NA
1165,NCT06934694,NA
1166,NCT00537394,PHASE3
1167,NCT04737694,NA
1168,NCT05557994,NA
1169,NCT07201194,NA
1170,NCT00970866,NA
1171,NCT07703566,NA
1172,NCT02069366,NA
1173,NCT02082366,NA
1174,NCT01145066,PHASE2
1175,NCT02559466,NA
1176,NCT04440566,NA
1177,NCT01299766,PHASE3
1178,NCT04288466,NA
1179,NCT00501566,PHASE2
1180,NCT06725966,NA
1181,NCT03039166,NA
1182,NCT00808366,NA
1183,NCT06550466,NA
1184,NCT07474766,NA
1185,NCT01256866,PHASE4
1186,NCT04743856,NA
1187,NCT07037056,NA
1188,NCT01175356,PHASE1
1189,NCT06966856,PHASE3
1190,NCT01631656,NA
1191,NCT00321256,PHASE1
1192,NCT00321256,PHASE2
1193,NCT05687656,NA
1194,NCT05362656,NA
1195,NCT02518256,NA
1196,NCT01242956,PHASE2
1197,NCT06124456,NA
1198,NCT04045756,NA
1199,NCT00388856,PHASE2
1200,NCT00426556,PHASE1
1201,NCT05240456,PHASE1
1202,NCT05240456,PHASE2
1203,NCT01171456,NA
1204,NCT04640922,NA
1205,NCT04835922,NA
1206,NCT06947122,NA
1207,NCT00226122,PHASE4
1208,NCT01357122,PHASE4
1209,NCT01502722,NA
1210,NCT05181722,NA
1211,NCT04224922,PHASE2
1212,NCT03017222,NA
1213,NCT01125722,NA
1214,NCT05569122,PHASE1
1215,NCT05912322,NA
1216,NCT00145522,PHASE4
1217,NCT06826222,NA
1218,NCT04063722,NA
1219,NCT01868022,PHASE1
1220,NCT04424251,PHASE2
1221,NCT01677351,PHASE2
1222,NCT05901051,PHASE4
1223,NCT00873951,NA
1224,NCT02050451,NA
1225,NCT05401851,NA
1226,NCT03200951,NA
1227,NCT01235351,PHASE2
1228,NCT03133429,NA
1229,NCT00809029,NA
1230,NCT05650229,PHASE2
1231,NCT04066829,NA
1232,NCT01459029,PHASE2
1233,NCT04577729,NA
1234,NCT06941129,PHASE1
1235,NCT05802329,PHASE1
1236,NCT03074929,NA
1237,NCT04993729,PHASE3
1238,NCT00279929,NA
1239,NCT00863629,PHASE4
1240,NCT00728429,NA
1241,NCT02553629,PHASE4
1242,NCT03060629,PHASE2
1243,NCT00776529,PHASE1
1244,NCT06742229,NA
1245,NCT07150429,NA
1246,NCT07056829,NA
1247,NCT00424229,PHASE2
1248,NCT00726531,PHASE3
1249,NCT03466931,NA
1250,NCT01490931,PHASE4
1251,NCT04648631,NA
1252,NCT06932731,NA
1253,NCT03386331,NA
1254,NCT02833831,PHASE1
1255,NCT03421431,PHASE2
1256,NCT01609231,PHASE2
1257,NCT04562831,NA
1258,NCT07290231,NA
1259,NCT06351202,NA
1260,NCT03747302,NA
1261,NCT01330602,NA
1262,NCT07688902,NA
1263,NCT04475302,PHASE3
1264,NCT06832202,PHASE2
1265,NCT06784102,NA
1266,NCT02716402,NA
1267,NCT03972202,NA
1268,NCT01825902,EARLY_PHASE1
1269,NCT06101602,NA
1270,NCT00087802,PHASE3
1271,NCT06895902,EARLY_PHASE1
1272,NCT06746402,PHASE1
1273,NCT03340402,NA
1274,NCT02890602,PHASE2
1275,NCT03370302,PHASE1
1276,NCT05982002,NA
1277,NCT02254902,NA
1278,NCT01664702,NA
1279,NCT06951802,PHASE4
1280,NCT04684602,PHASE1
1281,NCT04684602,PHASE2
1282,NCT02469402,NA
1283,NCT06687902,NA
1284,NCT00000853,PHASE1
1285,NCT06190353,NA
1286,NCT00829153,PHASE1
1287,NCT00829153,PHASE2
1288,NCT00872053,PHASE1
1289,NCT00872053,PHASE2
1290,NCT06009653,PHASE4
1291,NCT03366753,NA
1292,NCT00332553,PHASE2
1293,NCT05415553,NA
1294,NCT01510353,PHASE3
1295,NCT03767153,NA
1296,NCT07616453,PHASE2
1297,NCT00950053,PHASE4
1298,NCT06164353,NA
1299,NCT00873353,PHASE2
1300,NCT02083653,PHASE2
1301,NCT02258737,NA
1302,NCT04666337,NA
1303,NCT06672237,PHASE3
1304,NCT00315237,PHASE3
1305,NCT01974037,PHASE4
1306,NCT03189537,PHASE3
1307,NCT03359837,PHASE4
1308,NCT07553637,PHASE2
1309,NCT02573337,PHASE4
1310,NCT01243437,PHASE2
1311,NCT03094637,PHASE2
1312,NCT05892237,PHASE2
1313,NCT03192137,PHASE3
1314,NCT05307237,NA
1315,NCT07214337,NA
1316,NCT01693237,PHASE2
1317,NCT01693237,PHASE3
1318,NCT01043445,NA
1319,NCT00259545,PHASE2
1320,NCT01342445,PHASE4
1321,NCT00386945,NA
1322,NCT00587145,PHASE2
1323,NCT00966745,NA
1324,NCT02751645,NA
1325,NCT00861445,PHASE2
1326,NCT02708745,NA
1327,NCT04397445,PHASE1
1328,NCT04935645,NA
1329,NCT06057545,PHASE3
1330,NCT06177145,NA
1331,NCT04656145,NA
1332,NCT02420145,NA
1333,NCT03708445,NA
1334,NCT05505045,NA
1335,NCT05226845,NA
1336,NCT07100145,PHASE4
1337,NCT01577745,PHASE1
1338,NCT00534872,PHASE1
1339,NCT02141672,PHASE2
1340,NCT07370272,NA
1341,NCT04073472,PHASE1
1342,NCT05145972,PHASE2
1343,NCT01359072,NA
1344,NCT01517672,NA
1345,NCT03947372,NA
1346,NCT02912572,PHASE2
1347,NCT05309772,NA
1348,NCT06772272,PHASE3
1349,NCT07380672,NA
1350,NCT05331872,PHASE1
1351,NCT03903172,NA
1352,NCT05460572,NA
1353,NCT01104272,NA
1354,NCT06960772,NA
1355,NCT05543772,PHASE4
1356,NCT00203372,PHASE2
1357,NCT04778072,NA
1358,NCT00709072,PHASE2
1359,NCT00427895,PHASE3
1360,NCT05373095,NA
1361,NCT03924895,PHASE3
1362,NCT03217695,NA
1363,NCT00880295,NA
1364,NCT05804695,NA
1365,NCT05779839,NA
1366,NCT04620239,PHASE3
1367,NCT02765139,NA
1368,NCT05281939,NA
1369,NCT00273039,PHASE2
1370,NCT03721939,NA
1371,NCT02026739,NA
1372,NCT04904939,NA
1373,NCT01378039,NA
1374,NCT02356939,NA
1375,NCT04455139,PHASE2
1376,NCT01461239,PHASE3
1377,NCT01565239,PHASE2
1378,NCT06212739,NA
1379,NCT06195839,NA
1380,NCT06432439,NA
1381,NCT05708339,NA
1382,NCT07178639,NA
1383,NCT04439539,PHASE2
1384,NCT01669239,PHASE2
1385,NCT02409277,NA
1386,NCT01570777,PHASE4
1387,NCT01127477,PHASE3
1388,NCT05277077,NA
1389,NCT06041477,PHASE3
1390,NCT01275677,PHASE3
1391,NCT03663777,NA
1392,NCT00476177,PHASE1
1393,NCT04892277,PHASE1
1394,NCT00675675,NA
1395,NCT07548775,NA
1396,NCT07655375,NA
1397,NCT00038675,NA
1398,NCT06112275,PHASE1
1399,NCT06112275,PHASE2
1400,NCT01060475,PHASE1
1401,NCT01809275,PHASE1
1402,NCT01809275,PHASE2
1403,NCT05627375,PHASE3
1404,NCT07508475,NA
1405,NCT04791475,NA
1406,NCT01690975,PHASE1
1407,NCT01620775,NA
1408,NCT04348175,PHASE1
1409,NCT01819675,NA
1410,NCT04180475,NA
1411,NCT01338675,PHASE1
1412,NCT01338675,PHASE2
1413,NCT04814875,PHASE1
1414,NCT04814875,PHASE2
1415,NCT06555575,PHASE2
1416,NCT05645575,NA
1417,NCT03655275,EARLY_PHASE1
1418,NCT05233475,NA
1419,NCT01784757,PHASE1
1420,NCT05819957,NA
1421,NCT05628857,PHASE2
1422,NCT02944357,NA
1423,NCT01896557,PHASE4
1424,NCT06935357,PHASE3
1425,NCT07577557,NA
1426,NCT04153357,NA
1427,NCT02660957,NA
1428,NCT03651557,PHASE2
1429,NCT07425457,NA
1430,NCT06632457,PHASE3
1431,NCT00000957,PHASE1
1432,NCT01979757,NA
1433,NCT04510857,NA
1434,NCT03671057,NA
1435,NCT01766401,PHASE3
1436,NCT01372501,PHASE2
1437,NCT04521101,NA
1438,NCT01416701,PHASE4
1439,NCT00752401,PHASE3
1440,NCT02625701,PHASE3
1441,NCT03841201,PHASE2
1442,NCT05515601,PHASE1
1443,NCT01428401,PHASE2
1444,NCT06534801,NA
1445,NCT06304701,NA
1446,NCT06199401,NA
1447,NCT05860101,NA
1448,NCT07062601,NA
1449,NCT03024801,NA
1450,NCT06731101,NA
1451,NCT06727201,PHASE2
1452,NCT06727201,PHASE3
1453,NCT06694701,PHASE2
1454,NCT01302301,PHASE2
1455,NCT01636401,PHASE3
1456,NCT01169701,PHASE4
1457,NCT03030612,PHASE1
1458,NCT03030612,PHASE2
1459,NCT07503912,NA
1460,NCT04100512,NA
1461,NCT01336712,PHASE2
1462,NCT02935712,PHASE1
1463,NCT05559112,NA
1464,NCT00798512,NA
1465,NCT04045912,NA
1466,NCT00781612,PHASE2
1467,NCT01799512,NA
1468,NCT04165512,NA
1469,NCT06357312,NA
1470,NCT03635112,PHASE2
1471,NCT00311181,PHASE4
1472,NCT02631681,NA
1473,NCT05273281,PHASE4
1474,NCT06933381,NA
1475,NCT04033081,PHASE4
1476,NCT05245981,PHASE2
1477,NCT05245981,PHASE3
1478,NCT00679081,PHASE1
1479,NCT00679081,PHASE2
1480,NCT07102381,PHASE2
1481,NCT02428881,PHASE2
1482,NCT02428881,PHASE3
1483,NCT00746681,PHASE2
1484,NCT04772781,PHASE2
1485,NCT05791981,NA
1486,NCT02688881,PHASE4
1487,NCT00672581,PHASE1
1488,NCT00087581,PHASE4
1489,NCT05919381,PHASE3
1490,NCT00006481,PHASE3
1491,NCT05788081,PHASE2
1492,NCT03591081,NA
1493,NCT06012981,NA
1494,NCT03172819,PHASE1
1495,NCT01027819,PHASE4
1496,NCT06047119,NA
1497,NCT06104319,PHASE2
1498,NCT06160219,PHASE2
1499,NCT06160219,PHASE3
1500,NCT05983419,NA
1501,NCT03799419,NA
1502,NCT04713319,EARLY_PHASE1
1503,NCT04916119,PHASE1
1504,NCT07044219,NA
1505,NCT00606619,PHASE3
1506,NCT01956019,NA
1507,NCT01267019,NA
1508,NCT07166419,PHASE1
1509,NCT06201819,PHASE4
1510,NCT03399019,NA
1511,NCT06067919,NA
1512,NCT06515119,NA
1513,NCT04829019,PHASE2
1514,NCT05789719,PHASE1
1515,NCT01306019,PHASE1
1516,NCT01306019,PHASE2
1517,NCT02054819,PHASE2
1518,NCT06792019,PHASE1
1519,NCT06792019,PHASE2
1520,NCT00746330,PHASE2
1521,NCT02940730,PHASE4
1522,NCT03898830,NA
1523,NCT05239130,NA
1524,NCT04008030,PHASE3
1525,NCT07012330,PHASE2
1526,NCT07442630,PHASE4
1527,NCT06468930,NA
1528,NCT06695130,PHASE1
1529,NCT06695130,PHASE2
1530,NCT02457130,PHASE4
1531,NCT06598930,NA
1532,NCT06722430,PHASE1
1533,NCT02904330,PHASE1
1534,NCT05654428,NA
1535,NCT07599228,NA
1536,NCT03617328,PHASE1
1537,NCT03617328,PHASE2
1538,NCT07254728,PHASE1
1539,NCT04624828,NA
1540,NCT03544528,NA
1541,NCT06226428,NA
1542,NCT02797028,PHASE4
1543,NCT01127828,NA
1544,NCT02080728,PHASE4
1545,NCT02691728,PHASE4
1546,NCT04121728,NA
1547,NCT07321028,EARLY_PHASE1
1548,NCT04341428,PHASE3
1549,NCT06288828,NA
1550,NCT01207128,PHASE2
1551,NCT02319928,NA
1552,NCT01031628,PHASE3
1553,NCT03599128,NA
1554,NCT06091228,NA
1555,NCT05593328,PHASE2
1556,NCT04548765,NA
1557,NCT07481565,NA
1558,NCT02815865,NA
1559,NCT07085065,NA
1560,NCT03169465,NA
1561,NCT00456365,PHASE3
1562,NCT06199765,NA
1563,NCT06900465,NA
1564,NCT06962865,PHASE2
1565,NCT04602065,PHASE1
1566,NCT04602065,PHASE2
1567,NCT00510965,PHASE2
1568,NCT06779565,NA
1569,NCT02507765,PHASE1
1570,NCT04089865,PHASE4
1571,NCT04167865,NA
1572,NCT05068765,NA
1573,NCT07332065,NA
1574,NCT01369667,PHASE4
1575,NCT00312767,PHASE4
1576,NCT01174667,PHASE1
1577,NCT01174667,PHASE2
1578,NCT05309967,NA
1579,NCT02318667,PHASE4
1580,NCT03458767,NA
1581,NCT07154667,NA
1582,NCT05010967,NA
1583,NCT00996567,PHASE2
1584,NCT01611467,PHASE1
1585,NCT00709267,PHASE1
1586,NCT01759667,NA
1587,NCT06390267,NA
1588,NCT03103867,NA
1589,NCT00759967,NA
1590,NCT01326767,PHASE3
1591,NCT02279667,PHASE1
1592,NCT02585700,PHASE1
1593,NCT00711100,NA
1594,NCT03212300,NA
1595,NCT01818700,PHASE4
1596,NCT03915600,NA
1597,NCT00527800,PHASE3
1598,NCT06081400,NA
1599,NCT06516900,NA
1600,NCT03511300,NA
1601,NCT07547800,NA
1602,NCT03001700,NA
1603,NCT02661100,PHASE1
1604,NCT02661100,PHASE2
1605,NCT03736200,NA
1606,NCT00352300,PHASE1
1607,NCT00351000,PHASE4
1608,NCT03067207,NA
1609,NCT01699607,NA
1610,NCT03418207,NA
1611,NCT03420807,NA
1612,NCT03879707,EARLY_PHASE1
1613,NCT05374707,NA
1614,NCT04125407,NA
1615,NCT06098807,NA
1616,NCT07155707,NA
1617,NCT06396507,PHASE3
1618,NCT02314507,NA
1619,NCT06847607,NA
1620,NCT00025207,PHASE2
1621,NCT00270907,PHASE1
1622,NCT02850692,NA
1623,NCT06510192,NA
1624,NCT01983592,PHASE1
1625,NCT01983592,PHASE2
1626,NCT03734692,PHASE1
1627,NCT03734692,PHASE2
1628,NCT07325292,PHASE3
1629,NCT00004492,PHASE1
1630,NCT00004492,PHASE2
1631,NCT07167992,NA
1632,NCT03648892,EARLY_PHASE1
1633,NCT04956692,PHASE3
1634,NCT00366392,PHASE4
1635,NCT01041092,PHASE4
1636,NCT06997536,NA
1637,NCT06699836,PHASE2
1638,NCT02850536,PHASE1
1639,NCT07132736,NA
1640,NCT03906136,PHASE3
1641,NCT06385236,PHASE4
1642,NCT01306136,PHASE1
1643,NCT01943136,PHASE1
1644,NCT02101736,PHASE2
1645,NCT05606536,NA
1646,NCT01311336,PHASE2
1647,NCT00436436,PHASE2
1648,NCT04691336,NA
1649,NCT05895136,PHASE2
1650,NCT00518336,PHASE2
1651,NCT07335211,PHASE3
1652,NCT03439111,NA
1653,NCT00719511,PHASE2
1654,NCT01545011,NA
1655,NCT05101811,PHASE4
1656,NCT07162311,NA
1657,NCT02959411,PHASE4
1658,NCT03622411,NA
1659,NCT00635011,NA
1660,NCT03249311,PHASE4
1661,NCT00421811,PHASE1
1662,NCT00421811,PHASE2
1663,NCT05230511,PHASE2
1664,NCT00943111,PHASE3
1665,NCT03926611,PHASE2
1666,NCT03553511,NA
1667,NCT05649111,PHASE4
1668,NCT01797211,PHASE4
1669,NCT02383511,PHASE1
1670,NCT07262411,NA
1671,NCT00411411,PHASE3
1672,NCT04719611,NA
1673,NCT01975311,NA
1674,NCT03461211,PHASE3
1675,NCT00624871,NA
1676,NCT05125471,PHASE2
1677,NCT03210571,NA
1678,NCT05645471,NA
1679,NCT01296971,PHASE3
1680,NCT02490371,NA
1681,NCT06121271,PHASE2
1682,NCT06743971,NA
1683,NCT02815371,NA
1684,NCT07427771,NA
1685,NCT00277771,NA
1686,NCT07283471,NA
1687,NCT00451971,PHASE4
1688,NCT02249871,PHASE1
1689,NCT07513571,PHASE1
1690,NCT00004471,PHASE1
1691,NCT06279871,PHASE3
1692,NCT03440671,PHASE3
1693,NCT01528371,NA
1694,NCT01537744,PHASE1
1695,NCT07647744,PHASE1
1696,NCT07248644,PHASE4
1697,NCT03058744,PHASE1
1698,NCT01528644,NA
1699,NCT02317744,NA
1700,NCT06371144,PHASE2
1701,NCT06532344,PHASE1
1702,NCT06310044,NA
1703,NCT00817544,PHASE1
1704,NCT06503744,NA
1705,NCT02368444,NA
1706,NCT00167544,PHASE2
1707,NCT04122144,NA
1708,NCT00682344,PHASE3
1709,NCT04331444,NA
1710,NCT04672044,PHASE1
1711,NCT04951934,NA
1712,NCT05997134,PHASE4
1713,NCT01865734,NA
1714,NCT03268434,NA
1715,NCT00000334,PHASE2
1716,NCT00726934,NA
1717,NCT02208934,PHASE1
1718,NCT03160534,NA
1719,NCT07340034,NA
1720,NCT07525934,NA
1721,NCT04309734,PHASE1
1722,NCT04309734,PHASE2
1723,NCT04331834,PHASE3
1724,NCT07415434,NA
1725,NCT06899334,PHASE1
1726,NCT02428634,NA
1727,NCT00000834,PHASE1
1728,NCT01986634,NA
1729,NCT05397834,PHASE1
1730,NCT05709834,NA
1731,NCT01453764,NA
1732,NCT04636164,NA
1733,NCT01449864,NA
1734,NCT04316364,PHASE3
1735,NCT06608264,NA
1736,NCT02688764,PHASE3
1737,NCT06671964,NA
1738,NCT05550064,NA
1739,NCT03657264,PHASE1
1740,NCT04564664,NA
1741,NCT03943264,PHASE1
1742,NCT02268864,PHASE2
1743,NCT02752464,NA
1744,NCT00187564,NA
1745,NCT02708264,NA
1746,NCT04212364,NA
1747,NCT04469764,PHASE2
1748,NCT01713764,PHASE2
1749,NCT03684564,PHASE2
1750,NCT06532409,NA
1751,NCT05336409,PHASE1
1752,NCT02346409,NA
1753,NCT00886509,NA
1754,NCT02649309,NA
1755,NCT00493909,PHASE4
1756,NCT04408209,NA
1757,NCT05123209,PHASE1
1758,NCT07252609,NA
1759,NCT04777409,PHASE3
1760,NCT00419809,PHASE1
1761,NCT02905409,PHASE4
1762,NCT06264609,PHASE4
1763,NCT04117009,PHASE4
1764,NCT07099209,NA
1765,NCT03645109,NA
1766,NCT06995599,NA
1767,NCT04043299,PHASE3
1768,NCT06644599,NA
1769,NCT05072899,NA
1770,NCT04773899,NA
1771,NCT00301899,PHASE2
1772,NCT01760499,PHASE1
1773,NCT04599699,NA
1774,NCT01451099,PHASE2
1775,NCT02125799,PHASE2
1776,NCT02125799,PHASE3
1777,NCT04879199,NA
1778,NCT07230899,NA
1779,NCT05434299,PHASE1
1780,NCT05434299,PHASE2
1781,NCT05292599,NA
1782,NCT02455999,PHASE2
1783,NCT01155999,PHASE3
1784,NCT02979899,PHASE3
1785,NCT03345199,NA
1786,NCT04975399,PHASE1
1787,NCT02507999,NA
1788,NCT02446899,PHASE3
1789,NCT01179399,PHASE1
1790,NCT06093399,NA
1791,NCT01924299,PHASE1
1792,NCT05978232,NA
1793,NCT03246932,NA
1794,NCT00641732,PHASE2
1795,NCT00667732,PHASE4
1796,NCT03688932,NA
1797,NCT04159532,PHASE4
1798,NCT04254432,PHASE1
1799,NCT04254432,PHASE2
1800,NCT07581132,NA
1801,NCT02985632,PHASE1
1802,NCT04886232,NA
1803,NCT00797732,NA
1804,NCT03648632,NA
1805,NCT00281632,PHASE2
1806,NCT01928732,NA
1807,NCT05683132,NA
1808,NCT07556432,NA
1809,NCT02552732,NA
1810,NCT06216132,PHASE1
1811,NCT04962698,NA
1812,NCT01347398,NA
1813,NCT02820298,PHASE1
1814,NCT06276998,PHASE3
1815,NCT01303198,PHASE3
1816,NCT01734798,PHASE3
1817,NCT00164398,PHASE2
1818,NCT05594498,NA
1819,NCT02826798,PHASE1
1820,NCT03418298,NA
1821,NCT05469698,NA
1822,NCT05118698,NA
1823,NCT05082298,NA
1824,NCT06419998,NA
1825,NCT04298398,NA
1826,NCT05266898,PHASE4
1827,NCT01591798,PHASE2
1828,NCT01465698,NA
1829,NCT05832398,NA
1830,NCT07140198,NA
1831,NCT03721263,PHASE1
1832,NCT05858463,NA
1833,NCT05849363,NA
1834,NCT03452163,NA
1835,NCT03760263,PHASE4
1836,NCT04557163,PHASE1
1837,NCT00189163,PHASE4
1838,NCT05221463,NA
1839,NCT00683163,PHASE2
1840,NCT00683163,PHASE3
1841,NCT07649863,NA
1842,NCT03028363,PHASE3
1843,NCT01425463,PHASE3
1844,NCT01552863,PHASE1
1845,NCT03355963,PHASE2
1846,NCT06877663,NA
1847,NCT03378063,EARLY_PHASE1
1848,NCT03375463,PHASE1
1849,NCT05507463,PHASE1
1850,NCT07536763,PHASE3
1851,NCT02406963,NA
1852,NCT07180563,PHASE1
1853,NCT07180563,PHASE2
1854,NCT03044587,PHASE2
1855,NCT01002287,NA
1856,NCT02597387,PHASE2
1857,NCT01371487,PHASE1
1858,NCT00995787,PHASE1
1859,NCT04494087,NA
1860,NCT05821387,PHASE1
1861,NCT02332187,NA
1862,NCT06874387,NA
1863,NCT05784987,NA
1864,NCT06272487,PHASE2
1865,NCT01305187,PHASE4
1866,NCT06988787,NA
1867,NCT03889587,NA
1868,NCT07453693,NA
1869,NCT06658093,EARLY_PHASE1
1870,NCT00567593,PHASE4
1871,NCT07638293,NA
1872,NCT06170593,NA
1873,NCT04046393,PHASE2
1874,NCT04046393,PHASE3
1875,NCT04259593,NA
1876,NCT06095193,NA
1877,NCT04680793,NA
1878,NCT06473493,PHASE2
1879,NCT06473493,PHASE3
1880,NCT06292793,NA
1881,NCT02742493,NA
1882,NCT06612593,PHASE2
1883,NCT01565993,NA
1884,NCT07590193,PHASE1
1885,NCT03488693,PHASE3
1886,NCT04119921,PHASE2
1887,NCT04119921,PHASE3
1888,NCT02471521,NA
1889,NCT05334121,NA
1890,NCT07268521,PHASE2
1891,NCT02292121,NA
1892,NCT05572021,NA
1893,NCT05822921,NA
1894,NCT04281121,NA
1895,NCT05157321,NA
1896,NCT07002021,NA
1897,NCT05258214,NA
1898,NCT00378014,PHASE3
1899,NCT02084914,PHASE3
1900,NCT01427114,PHASE2
1901,NCT05489614,PHASE1
1902,NCT02290314,NA
1903,NCT02499614,PHASE2
1904,NCT04252014,NA
1905,NCT02081014,PHASE2
1906,NCT07556614,PHASE4
1907,NCT00799214,PHASE2
1908,NCT00799214,PHASE3
1909,NCT00516516,NA
1910,NCT02207816,PHASE3
1911,NCT01891916,NA
1912,NCT02222116,PHASE4
1913,NCT00844116,NA
1914,NCT03103516,NA
1915,NCT00820716,NA
1916,NCT05977816,NA
1917,NCT01010516,PHASE4
1918,NCT01973816,PHASE3
1919,NCT01863316,NA
1920,NCT03321916,NA
1921,NCT00555516,PHASE1
1922,NCT00555516,PHASE2
1923,NCT01019616,PHASE3
1924,NCT03923816,PHASE1
1925,NCT03923816,PHASE2
1926,NCT04992416,NA
1927,NCT06472206,NA
1928,NCT06875206,NA
1929,NCT03677206,NA
1930,NCT03144206,PHASE4
1931,NCT02931006,NA
1932,NCT04123106,NA
1933,NCT00022906,PHASE1
1934,NCT06395506,NA
1935,NCT06542406,NA
1936,NCT01744106,PHASE3
1937,NCT06723106,PHASE1
1938,NCT05880706,PHASE2
1939,NCT06659406,NA
1940,NCT06257706,PHASE4
1941,NCT01751204,NA
1942,NCT03601104,NA
1943,NCT02983604,PHASE1
1944,NCT02983604,PHASE2
1945,NCT07707804,NA
1946,NCT00999804,PHASE2
1947,NCT03324204,NA
1948,NCT04154904,NA
1949,NCT04886804,PHASE1
1950,NCT04524104,NA
1951,NCT01869504,NA
1952,NCT00483704,PHASE3
1953,NCT04715204,NA
1954,NCT06241404,NA
1955,NCT02797704,PHASE1
1956,NCT02797704,PHASE2
1957,NCT03266484,NA
1958,NCT04051684,PHASE1
1959,NCT04051684,PHASE2
1960,NCT01748084,PHASE2
1961,NCT01748084,PHASE3
1962,NCT01599884,NA
1963,NCT01468584,PHASE3
1964,NCT05034484,PHASE1
1965,NCT02871284,NA
1966,NCT02143284,NA
1967,NCT06779084,NA
1968,NCT04236284,NA
1969,NCT01640184,NA
1970,NCT07610733,PHASE2
1971,NCT06928233,NA
1972,NCT04667533,PHASE1
1973,NCT00511433,PHASE3
1974,NCT02874833,NA
1975,NCT03570333,NA
1976,NCT06687733,PHASE1
1977,NCT06687733,PHASE2
1978,NCT06683833,PHASE4
1979,NCT06352333,NA
1980,NCT04330352,NA
1981,NCT05726552,NA
1982,NCT06006052,NA
1983,NCT00913952,PHASE1
1984,NCT05439252,NA
1985,NCT07168252,PHASE4
1986,NCT00730652,PHASE1
1987,NCT05753852,PHASE3
1988,NCT01440452,NA
1989,NCT05748652,NA
1990,NCT06394752,NA
1991,NCT01242852,PHASE4
1992,NCT05177952,NA
1993,NCT04387552,NA
1994,NCT02736552,PHASE3
1995,NCT01680952,PHASE4
1996,NCT05150652,PHASE2
1997,NCT03610347,NA
1998,NCT00439647,PHASE3
1999,NCT02041247,PHASE2
2000,NCT04971447,NA
2001,NCT01783847,PHASE1
2002,NCT01783847,PHASE2
2003,NCT01984047,PHASE1
2004,NCT04498247,PHASE1
2005,NCT04498247,PHASE2
2006,NCT02706847,PHASE3
2007,NCT00358449,PHASE2
2008,NCT06263049,NA
2009,NCT07481149,PHASE3
2010,NCT05403749,PHASE2
2011,NCT00992849,PHASE2
2012,NCT07696949,NA
2013,NCT05822349,NA
2014,NCT03344549,NA
2015,NCT02370849,PHASE2
2016,NCT01185249,NA
2017,NCT00965549,PHASE4
2018,NCT01596738,NA
2019,NCT00889538,NA
2020,NCT04199338,NA
2021,NCT00378638,PHASE2
2022,NCT00002638,PHASE2
2023,NCT05875038,NA
2024,NCT00659438,PHASE2
2025,NCT02227238,PHASE3
2026,NCT07224958,NA
2027,NCT06669858,PHASE2
2028,NCT00263458,PHASE4
2029,NCT04921358,PHASE3
2030,NCT07344558,PHASE1
2031,NCT07049458,PHASE1
2032,NCT07049458,PHASE2
2033,NCT00529958,NA
2034,NCT00333658,NA
2035,NCT05315258,PHASE2
2036,NCT01663558,PHASE4
2037,NCT02278848,NA
2038,NCT06178848,NA
2039,NCT06025448,NA
2040,NCT06364748,NA
2041,NCT07039448,NA
2042,NCT00240448,PHASE4
2043,NCT07126548,NA
2044,NCT02454348,PHASE4
2045,NCT02372448,NA
2046,NCT07136948,NA
2047,NCT05631548,NA
2048,NCT02593448,PHASE4
2049,NCT01574248,PHASE4
2050,NCT02250248,NA
2051,NCT03312348,NA
2052,NCT02733848,PHASE1
2053,NCT00107848,PHASE3
2054,NCT00812448,NA
2055,NCT06514248,NA
2056,NCT01193348,PHASE2
2057,NCT07330648,PHASE2
2058,NCT01475448,NA
2059,NCT03780348,NA
2060,NCT00791648,NA
2061,NCT02914548,PHASE2
2062,NCT02198248,PHASE4
2063,NCT00421655,PHASE3
2064,NCT06701955,NA
2065,NCT04883255,EARLY_PHASE1
2066,NCT05452655,NA
2067,NCT01253655,PHASE1
2068,NCT03667755,NA
2069,NCT04835155,NA
2070,NCT06309355,PHASE2
2071,NCT05088655,PHASE1
2072,NCT06301555,NA
2073,NCT04628455,NA
2074,NCT03977155,PHASE2
2075,NCT06738355,NA
2076,NCT02402855,NA
2077,NCT05149755,NA
2078,NCT06089655,NA
2079,NCT06478355,NA
2080,NCT05370755,PHASE1
2081,NCT00217555,PHASE2
2082,NCT06648655,PHASE2
2083,NCT01782755,PHASE2
2084,NCT02456155,PHASE1
2085,NCT01430455,PHASE4
2086,NCT05622955,NA
2087,NCT06510426,PHASE2
2088,NCT03354026,PHASE4
2089,NCT03919526,PHASE1
2090,NCT00213226,PHASE3
2091,NCT03932526,PHASE2
2092,NCT06201026,NA
2093,NCT07408726,NA
2094,NCT04880226,NA
2095,NCT01877226,PHASE1
2096,NCT05005026,NA
2097,NCT01145326,PHASE2
2098,NCT01145326,PHASE3
2099,NCT01873326,PHASE2
2100,NCT04327726,NA
2101,NCT06260826,NA
2102,NCT01359826,PHASE4
2103,NCT01366326,PHASE1
2104,NCT05532826,NA
2105,NCT05231278,NA
2106,NCT06201078,PHASE2
2107,NCT04158778,PHASE1
2108,NCT03036878,NA
2109,NCT02050178,PHASE1
2110,NCT01032278,NA
2111,NCT04810078,PHASE3
2112,NCT02311478,NA
2113,NCT00014378,PHASE1
2114,NCT07575178,NA
2115,NCT00152178,PHASE3
2116,NCT04837378,NA
2117,NCT05192278,PHASE2
2118,NCT00431678,PHASE3
2119,NCT00851578,NA
2120,NCT04529278,PHASE2
2121,NCT00205478,PHASE2
2122,NCT07666178,PHASE3
2123,NCT04504578,NA
2124,NCT00443378,NA
2125,NCT00401778,PHASE1
2126,NCT07282678,NA
2127,NCT01136278,PHASE1
2128,NCT00737178,PHASE4
2129,NCT07688278,NA
2130,NCT02138578,NA
2131,NCT06961578,NA
2132,NCT00373178,PHASE4
2133,NCT06082778,NA
2134,NCT07635485,NA
2135,NCT05155085,PHASE2
2136,NCT07684885,NA
2137,NCT00003085,PHASE2
2138,NCT07271485,EARLY_PHASE1
2139,NCT01986985,NA
2140,NCT04397185,NA
2141,NCT04316585,PHASE1
2142,NCT07290985,PHASE2
2143,NCT02904785,PHASE2
2144,NCT02405585,PHASE2
2145,NCT01655485,NA
2146,NCT01778985,PHASE4
2147,NCT06340685,PHASE1
2148,NCT05317585,NA
2149,NCT03605485,NA
2150,NCT01780285,PHASE3
2151,NCT02303743,PHASE4
2152,NCT06537843,PHASE2
2153,NCT05954143,PHASE2
2154,NCT06017843,NA
2155,NCT00238043,PHASE3
2156,NCT05986643,NA
2157,NCT04976543,PHASE4
2158,NCT03207243,PHASE2
2159,NCT00465543,PHASE2
2160,NCT07146243,NA
2161,NCT06317415,NA
2162,NCT05866315,NA
2163,NCT03735615,NA
2164,NCT02855515,NA
2165,NCT04260815,NA
2166,NCT03924115,NA
2167,NCT02334215,NA
2168,NCT01248715,PHASE4
2169,NCT00247715,NA
2170,NCT01192815,PHASE2
2171,NCT03930615,PHASE3
2172,NCT05444335,NA
2173,NCT02694835,NA
2174,NCT07425535,EARLY_PHASE1
2175,NCT00571935,PHASE4
2176,NCT02147535,PHASE4
2177,NCT04947735,NA
2178,NCT02326935,PHASE1
2179,NCT05349435,PHASE1
2180,NCT02212535,PHASE1
2181,NCT02212535,PHASE2
2182,NCT02783235,NA
2183,NCT00116935,PHASE3
2184,NCT00070135,PHASE2
2185,NCT03148808,PHASE1
2186,NCT06526208,PHASE2
2187,NCT05061108,NA
2188,NCT00573508,PHASE4
2189,NCT02740608,NA
2190,NCT04881708,NA
2191,NCT01341808,PHASE4
2192,NCT04013308,NA
2193,NCT05747508,PHASE2
2194,NCT00784108,PHASE1
2195,NCT03550508,PHASE1
2196,NCT04132908,NA
2197,NCT02572908,NA
2198,NCT07551908,NA
2199,NCT04586608,NA
2200,NCT01497925,PHASE1
2201,NCT05824325,PHASE1
2202,NCT05824325,PHASE2
2203,NCT01297725,NA
2204,NCT02209025,NA
2205,NCT00285025,PHASE2
2206,NCT06150625,NA
2207,NCT01582425,PHASE1
2208,NCT00594425,PHASE2
2209,NCT06327425,NA
2210,NCT04351425,NA
2211,NCT01518725,PHASE4
2212,NCT05378425,PHASE1
2213,NCT05741125,NA
2214,NCT02796625,NA
2215,NCT05478525,PHASE2
2216,NCT01048476,PHASE1
2217,NCT01048476,PHASE2
2218,NCT03660176,PHASE3
2219,NCT06230276,NA
2220,NCT00442676,PHASE2
2221,NCT02881476,PHASE1
2222,NCT07573176,PHASE3
2223,NCT02280876,PHASE1
2224,NCT02280876,PHASE2
2225,NCT07401576,NA
2226,NCT05138276,EARLY_PHASE1
2227,NCT03959176,PHASE4
2228,NCT06507176,NA
2229,NCT04340076,PHASE4
2230,NCT01642576,PHASE4
2231,NCT04337476,NA
2232,NCT07215676,NA
2233,NCT00598676,PHASE4
2234,NCT05140876,NA
2235,NCT02295176,NA
2236,NCT03747276,NA
2237,NCT02371876,NA
2238,NCT06981676,NA
2239,NCT07376876,PHASE2
2240,NCT00334776,PHASE2
2241,NCT02057276,NA
2242,NCT03196076,PHASE2
2243,NCT04030676,NA
2244,NCT05511376,NA
2245,NCT06638476,NA
2246,NCT02093676,NA
2247,NCT06903117,PHASE1
2248,NCT06063317,PHASE1
2249,NCT02606617,PHASE4
2250,NCT04060017,PHASE2
2251,NCT01119417,PHASE1
2252,NCT03251417,PHASE2
2253,NCT05262517,PHASE3
2254,NCT04450940,NA
2255,NCT06952140,NA
2256,NCT04439240,PHASE2
2257,NCT01927640,EARLY_PHASE1
2258,NCT00370240,PHASE4
2259,NCT03543540,PHASE1
2260,NCT04974840,NA
2261,NCT00708240,PHASE4
2262,NCT03798340,NA
2263,NCT05125640,PHASE1
2264,NCT01069640,PHASE1
2265,NCT00957840,NA
2266,NCT01930240,PHASE1
2267,NCT07564440,NA
2268,NCT07482540,NA
2269,NCT07632040,NA
2270,NCT04976140,PHASE1
2271,NCT04976140,PHASE2
2272,NCT00047840,PHASE2
2273,NCT00783640,PHASE3
2274,NCT02942940,NA
2275,NCT03566940,PHASE2
2276,NCT00106340,PHASE3
2277,NCT01940640,PHASE2
2278,NCT01940640,PHASE3
2279,NCT06079840,NA
2280,NCT03533140,NA
2281,NCT02563340,PHASE1
2282,NCT02563340,PHASE2
2283,NCT07684040,PHASE2
2284,NCT02653040,NA
2285,NCT07105540,PHASE4
2286,NCT05201040,NA
2287,NCT03639740,PHASE4
2288,NCT00794989,NA
2289,NCT06196489,NA
2290,NCT01247389,NA
2291,NCT04672889,NA
2292,NCT04856189,PHASE1
2293,NCT04856189,PHASE2
2294,NCT05766189,NA
2295,NCT07705789,NA
2296,NCT02669589,PHASE4
2297,NCT05608889,NA
2298,NCT03229889,PHASE4
2299,NCT01184989,PHASE4
2300,NCT04358289,NA
2301,NCT02245789,NA
2302,NCT04381689,PHASE3
2303,NCT00056589,PHASE1
2304,NCT05558189,NA
2305,NCT03918889,NA
2306,NCT05832489,PHASE3
2307,NCT07083089,NA
2308,NCT03086889,NA
2309,NCT04057768,NA
2310,NCT04224168,NA
2311,NCT07210268,NA
2312,NCT05161468,PHASE4
2313,NCT03735368,PHASE2
2314,NCT02023268,PHASE3
2315,NCT03766568,NA
2316,NCT01469468,PHASE1
2317,NCT02076568,NA
2318,NCT06644768,PHASE1
2319,NCT06644768,PHASE2
2320,NCT02752568,NA
2321,NCT01881568,PHASE3
2322,NCT01475968,NA
2323,NCT06404268,PHASE1
2324,NCT06404268,PHASE2
2325,NCT01568268,PHASE3
2326,NCT04377568,PHASE2
2327,NCT03896568,PHASE1
2328,NCT03068468,PHASE2
2329,NCT04269850,PHASE1
2330,NCT04269850,PHASE2
2331,NCT06517550,NA
2332,NCT00226850,PHASE3
2333,NCT01170650,PHASE3
2334,NCT02568150,PHASE4
2335,NCT03904550,PHASE2
2336,NCT03194750,NA
2337,NCT02187250,PHASE4
2338,NCT06196450,PHASE2
2339,NCT05576350,NA
2340,NCT01769950,NA
2341,NCT02769650,NA
2342,NCT01312350,PHASE2
2343,NCT05237050,NA
2344,NCT02813850,PHASE3
2345,NCT04018950,PHASE1
2346,NCT05672550,PHASE4
2347,NCT03696550,PHASE1
2348,NCT03346291,NA
2349,NCT02483091,PHASE1
2350,NCT03519191,NA
2351,NCT04678791,NA
2352,NCT00029991,PHASE1
2353,NCT00029991,PHASE2
2354,NCT07631091,PHASE4
2355,NCT03465891,PHASE2
2356,NCT01058291,PHASE3
2357,NCT06867991,PHASE3
2358,NCT07332091,PHASE2
2359,NCT02779491,NA
2360,NCT00516191,PHASE1
2361,NCT00516191,PHASE2
2362,NCT00006291,PHASE2
2363,NCT03096691,NA
2364,NCT01501591,NA
2365,NCT02233491,NA
2366,NCT01433991,PHASE1
2367,NCT01433991,PHASE2
2368,NCT04009291,PHASE2
2369,NCT00744991,PHASE2
2370,NCT06528691,PHASE2
2371,NCT03936374,PHASE1
2372,NCT03854474,PHASE1
2373,NCT03854474,PHASE2
2374,NCT00415974,NA
2375,NCT07221474,PHASE2
2376,NCT05989074,NA
2377,NCT03066674,NA
2378,NCT06665074,PHASE2
2379,NCT02930174,NA
2380,NCT05180474,PHASE1
2381,NCT05180474,PHASE2
2382,NCT01461174,PHASE1
2383,NCT00245674,PHASE4
2384,NCT01983774,PHASE2
2385,NCT01823874,NA
2386,NCT00081874,PHASE1
2387,NCT00081874,PHASE2
2388,NCT01478074,PHASE1
2389,NCT01418274,PHASE1
2390,NCT05043974,NA
2391,NCT03603574,NA
2392,NCT02813174,NA
2393,NCT04223674,NA
2394,NCT04468074,NA
2395,NCT03461874,NA
2396,NCT06992674,PHASE2
2397,NCT03556774,NA
2398,NCT04080518,PHASE4
2399,NCT06105918,PHASE1
2400,NCT03920618,NA
2401,NCT02161718,PHASE2
2402,NCT00631618,PHASE2
2403,NCT03946618,NA
2404,NCT06475118,NA
2405,NCT04321018,NA
2406,NCT06615518,NA
2407,NCT05540418,NA
2408,NCT03903718,PHASE2
2409,NCT00430118,PHASE3
2410,NCT02059018,NA
2411,NCT02426918,PHASE2
2412,NCT04724018,PHASE1
2413,NCT04724018,PHASE2
2414,NCT01461018,PHASE3
2415,NCT02742090,PHASE2
2416,NCT06752590,PHASE2
2417,NCT00246090,PHASE2
2418,NCT02137590,PHASE1
2419,NCT06509490,NA
2420,NCT05002790,NA
2421,NCT00529490,PHASE3
2422,NCT02726490,EARLY_PHASE1
2423,NCT04421690,NA
2424,NCT06926790,PHASE2
2425,NCT03991390,NA
2426,NCT06779890,PHASE4
2427,NCT06643390,PHASE1
2428,NCT00251290,PHASE2
2429,NCT05291390,PHASE2
2430,NCT02801890,PHASE1
2431,NCT02801890,PHASE2
2432,NCT02284490,PHASE2
2433,NCT05721690,NA
2434,NCT06801990,NA
2435,NCT04562090,PHASE4
2436,NCT04530890,NA
2437,NCT02104297,PHASE4
2438,NCT03740997,PHASE4
2439,NCT04259697,NA
2440,NCT00003397,PHASE2
2441,NCT03157297,PHASE1
2442,NCT07304297,NA
2443,NCT05170997,NA
2444,NCT06892197,PHASE4
2445,NCT01543997,PHASE2
2446,NCT00620997,PHASE1
2447,NCT00001797,PHASE2
2448,NCT06075797,NA
2449,NCT04905810,PHASE2
2450,NCT03113110,PHASE2
2451,NCT05304910,PHASE1
2452,NCT06217510,NA
2453,NCT05263310,NA
2454,NCT07514910,NA
2455,NCT04795310,NA
2456,NCT01850810,NA
2457,NCT07104110,PHASE1
2458,NCT07104110,PHASE2
2459,NCT01410110,PHASE2
2460,NCT06747910,NA
2461,NCT05987410,NA
2462,NCT00518310,NA
2463,NCT04095910,NA
2464,NCT05108610,NA
2465,NCT00930410,NA
2466,NCT02636010,PHASE2
2467,NCT02221310,PHASE2
2468,NCT02106910,NA
2469,NCT03522610,NA
2470,NCT05239910,PHASE2
2471,NCT05497310,PHASE1
2472,NCT05497310,PHASE2
2473,NCT00117910,PHASE3
2474,NCT03514810,PHASE1
2475,NCT05765110,NA
2476,NCT06915610,NA
2477,NCT00028613,PHASE1
2478,NCT03043313,PHASE2
2479,NCT02080013,NA
2480,NCT04784013,PHASE4
2481,NCT07022613,NA
2482,NCT01925313,PHASE1
2483,NCT03997513,NA
2484,NCT01353313,PHASE3
2485,NCT03669913,NA
2486,NCT01298713,PHASE2
2487,NCT01881113,PHASE3
2488,NCT01817413,PHASE4
2489,NCT07267013,PHASE2
2490,NCT00392613,NA
2491,NCT07376213,NA
2492,NCT02523560,NA
2493,NCT07546760,PHASE1
2494,NCT02545660,NA
2495,NCT02702960,PHASE2
2496,NCT04383860,NA
2497,NCT07016360,PHASE4
2498,NCT05660460,NA
2499,NCT00539760,PHASE1
2500,NCT02064660,PHASE1
2501,NCT04273360,NA
2502,NCT01627860,PHASE4
2503,NCT03506360,PHASE2
2504,NCT06344260,PHASE2
2505,NCT06062160,NA
2506,NCT02779660,NA
2507,NCT01833260,NA
2508,NCT02270060,NA
2509,NCT06404060,NA
2510,NCT01813760,NA
2511,NCT05249660,NA
2512,NCT03982160,PHASE4
2513,NCT01822860,PHASE4
2514,NCT05907460,NA
2515,NCT05520060,NA
2516,NCT07663760,NA
2517,NCT06695520,PHASE4
2518,NCT02556320,NA
2519,NCT01045720,PHASE2
2520,NCT04785820,PHASE2
2521,NCT06120920,NA
2522,NCT03628820,NA
2523,NCT02396420,PHASE2
2524,NCT06193720,NA
2525,NCT04385420,PHASE1
2526,NCT01174420,NA
2527,NCT05633420,PHASE2
2528,NCT03999320,NA
2529,NCT07272720,NA
2530,NCT05503420,PHASE2
2531,NCT05503420,PHASE3
2532,NCT03693820,NA
2533,NCT02093520,NA
2534,NCT03559920,NA
2535,NCT04484220,NA
2536,NCT00033020,PHASE3
2537,NCT01906320,NA
2538,NCT07528820,NA
2539,NCT02989220,NA
2540,NCT05569720,PHASE1
2541,NCT06893120,NA
2542,NCT05977582,NA
2543,NCT06346782,NA
2544,NCT07657182,PHASE4
2545,NCT00003782,PHASE3
2546,NCT05163782,NA
2547,NCT05111782,NA
2548,NCT05633082,NA
2549,NCT05907382,PHASE1
2550,NCT05249582,NA
2551,NCT00895882,PHASE2
2552,NCT03937882,PHASE3
2553,NCT00865982,PHASE2
2554,NCT02926482,NA
2555,NCT01344382,PHASE1
2556,NCT01344382,PHASE2
2557,NCT02698982,NA
2558,NCT00208182,PHASE4
2559,NCT07183982,NA
2560,NCT00301782,PHASE2
2561,NCT02136082,NA
2562,NCT06061224,NA
2563,NCT00566124,PHASE4
2564,NCT01555424,NA
2565,NCT06371924,NA
2566,NCT02575924,PHASE1
2567,NCT05224024,NA
2568,NCT03082924,NA
2569,NCT03410524,PHASE3
2570,NCT01282424,PHASE2
2571,NCT07479524,NA
2572,NCT06149624,NA
2573,NCT00232024,PHASE3
2574,NCT02939924,NA
2575,NCT05559424,NA
2576,NCT06067724,NA
2577,NCT04614324,NA
2578,NCT01361724,NA
2579,NCT06321224,NA
2580,NCT00286624,PHASE1
2581,NCT00286624,PHASE2
2582,NCT07327723,NA
2583,NCT06159023,NA
2584,NCT00003723,PHASE2
2585,NCT04933123,NA
2586,NCT06686823,NA
2587,NCT06630923,PHASE3
2588,NCT03608423,NA
2589,NCT05099523,NA
2590,NCT02594423,PHASE4
2591,NCT03245723,NA
2592,NCT02324023,NA
2593,NCT06000423,PHASE4
2594,NCT03393923,NA
2595,NCT06811623,NA
2596,NCT01507623,NA
2597,NCT05078723,NA
2598,NCT06853223,PHASE2
2599,NCT00949923,NA
2600,NCT06582823,NA
2601,NCT07512323,PHASE2
2602,NCT04389359,PHASE2
2603,NCT04389359,PHASE3
2604,NCT03601559,NA
2605,NCT02097459,PHASE3
2606,NCT03719859,NA
2607,NCT02237859,PHASE4
2608,NCT06614959,NA
2609,NCT03086759,PHASE4
2610,NCT07384559,NA
2611,NCT02300259,PHASE1
2612,NCT06616259,PHASE3
2613,NCT04479059,NA
2614,NCT02046759,NA
2615,NCT02513459,PHASE2
2616,NCT04525859,PHASE1
2617,NCT04009759,PHASE1
2618,NCT07142759,NA
2619,NCT05275959,NA
2620,NCT04232059,NA
2621,NCT07492459,NA
2622,NCT04793880,NA
2623,NCT01222780,PHASE1
2624,NCT03081780,PHASE1
2625,NCT03396380,PHASE3
2626,NCT07270380,NA
2627,NCT06793280,NA
2628,NCT03470480,NA
2629,NCT02985580,NA
2630,NCT00000480,PHASE3
2631,NCT00202280,PHASE2
2632,NCT00202280,PHASE3
2633,NCT02067780,PHASE3
2634,NCT01881880,NA
2635,NCT06018480,NA
2636,NCT04969380,NA
2637,NCT03306680,PHASE1
2638,NCT02347280,NA
2639,NCT00909480,PHASE4
2640,NCT01661179,PHASE1
2641,NCT01661179,PHASE2
2642,NCT01505179,NA
2643,NCT04060979,PHASE2
2644,NCT06585579,NA
2645,NCT00177879,NA
2646,NCT06996379,NA
2647,NCT07472179,NA
2648,NCT01246479,PHASE3
2649,NCT05074979,NA
2650,NCT00566579,NA
2651,NCT00202579,PHASE2
2652,NCT02234479,NA
2653,NCT05914779,NA
2654,NCT05306379,PHASE1
2655,NCT00214279,NA
2656,NCT01944579,NA
2657,NCT01311479,NA
2658,NCT06568796,NA
2659,NCT06398496,NA
2660,NCT05110196,PHASE4
2661,NCT07378696,NA
2662,NCT03301896,PHASE1
2663,NCT02680496,NA
2664,NCT06897696,PHASE4
2665,NCT06150196,NA
2666,NCT02072096,PHASE4
2667,NCT05198596,PHASE3
2668,NCT01770496,NA
2669,NCT01622296,PHASE4
2670,NCT07428096,PHASE1
2671,NCT02599662,PHASE1
2672,NCT05353062,NA
2673,NCT02584062,NA
2674,NCT05038462,NA
2675,NCT04290962,NA
2676,NCT05705362,NA
2677,NCT01533662,PHASE2
2678,NCT02264262,NA
2679,NCT00422162,PHASE4
2680,NCT06737562,NA
2681,NCT02525562,NA
2682,NCT00978562,EARLY_PHASE1
2683,NCT07188246,PHASE2
2684,NCT00875446,PHASE1
2685,NCT01130246,PHASE3
2686,NCT03907046,PHASE3
2687,NCT01712646,PHASE1
2688,NCT01712646,PHASE2
2689,NCT01986946,PHASE3
2690,NCT04118946,PHASE1
2691,NCT04118946,PHASE2
2692,NCT01676246,PHASE1
2693,NCT00246246,PHASE3
2694,NCT04778046,PHASE2
2695,NCT03667846,PHASE2
2696,NCT00879346,PHASE1
2697,NCT00723346,PHASE1
2698,NCT00723346,PHASE2
2699,NCT07203846,PHASE4
2700,NCT00315146,PHASE4
2701,NCT00566046,PHASE3
2702,NCT04410146,NA
2703,NCT02556346,PHASE1
2704,NCT05461846,NA
2705,NCT03444688,NA
2706,NCT05506488,PHASE1
2707,NCT05506488,PHASE2
2708,NCT05265988,PHASE2
2709,NCT05113888,PHASE2
2710,NCT03106688,NA
2711,NCT02043288,PHASE3
2712,NCT00927888,PHASE4
2713,NCT01393288,NA
2714,NCT03157388,NA
2715,NCT03438188,NA
2716,NCT02680288,PHASE1
2717,NCT02680288,PHASE2
2718,NCT02707588,PHASE2
2719,NCT05390788,NA
2720,NCT07600788,PHASE1
2721,NCT03586388,NA
2722,NCT07095088,NA
2723,NCT04903288,PHASE2
2724,NCT06545188,NA
2725,NCT00432588,PHASE1
2726,NCT00432588,PHASE2
2727,NCT06059703,NA
2728,NCT05407103,NA
2729,NCT05258903,NA
2730,NCT04510103,NA
2731,NCT04040803,NA
2732,NCT00571103,PHASE4
2733,NCT04551703,PHASE1
2734,NCT00836303,NA
2735,NCT02320903,NA
2736,NCT04497103,NA
2737,NCT02292303,NA
2738,NCT00337103,PHASE3
2739,NCT01031303,PHASE4
2740,NCT05934903,NA
2741,NCT06764303,PHASE2
2742,NCT04469803,NA
2743,NCT01364103,NA
2744,NCT05392803,NA
2745,NCT01821703,PHASE1
2746,NCT06866327,NA
2747,NCT06949527,NA
2748,NCT01767727,NA
2749,NCT04566627,NA
2750,NCT05111327,NA
2751,NCT06212427,NA
2752,NCT02695927,PHASE1
2753,NCT05168527,PHASE2
2754,NCT02161627,NA
2755,NCT06828627,NA
2756,NCT01545427,PHASE2
2757,NCT00509327,PHASE4
2758,NCT05572827,NA
2759,NCT01427127,PHASE4
2760,NCT05683327,NA
2761,NCT05346627,NA
2762,NCT02403427,NA
2763,NCT07044427,NA
2764,NCT00250627,PHASE3
2765,NCT01447927,PHASE2
2766,NCT03527927,NA
2767,NCT07264361,NA
2768,NCT03304561,NA
2769,NCT03038061,NA
2770,NCT03725761,PHASE2
2771,NCT06765161,PHASE3
2772,NCT00508261,PHASE3
2773,NCT07187661,NA
2774,NCT00527761,PHASE1
2775,NCT02038361,NA
2776,NCT03760861,NA
2777,NCT04318561,PHASE1
2778,NCT04318561,PHASE2
2779,NCT01762761,PHASE3
2780,NCT03182842,NA
2781,NCT04712942,PHASE2
2782,NCT01630642,PHASE1
2783,NCT04140942,NA
2784,NCT01448642,PHASE4
2785,NCT06415942,NA
2786,NCT01297842,PHASE4
2787,NCT06467942,NA
2788,NCT04459442,NA
2789,NCT06456242,NA
2790,NCT05694442,NA
2791,NCT03350542,PHASE3
2792,NCT01269242,PHASE2
2793,NCT01478542,PHASE3
2794,NCT03428542,NA
2795,NCT01384942,PHASE2
2796,NCT04238442,NA
2797,NCT00450242,PHASE2
2798,NCT06828042,PHASE1
2799,NCT06828042,PHASE2
2800,NCT04095442,NA
2801,NCT05581186,NA
2802,NCT00534586,PHASE4
2803,NCT03278886,PHASE1
2804,NCT03278886,PHASE2
2805,NCT04274686,NA
2806,NCT04750486,NA
2807,NCT03089086,PHASE4
2808,NCT05050786,NA
2809,NCT00186186,PHASE4
2810,NCT02617186,NA
2811,NCT00841386,PHASE2
2812,NCT00841386,PHASE3
2813,NCT01191086,PHASE3
2814,NCT00570986,PHASE3
2815,NCT04742686,NA
2816,NCT00323986,PHASE2
2817,NCT03749486,NA
2818,NCT03490786,PHASE1
2819,NCT01968486,PHASE1
2820,NCT02406586,NA
2821,NCT02395770,NA
2822,NCT06716970,PHASE3
2823,NCT06950970,NA
2824,NCT01311570,PHASE1
2825,NCT05827770,PHASE2
2826,NCT01867970,NA
2827,NCT03364270,PHASE2
2828,NCT00283270,PHASE4
2829,NCT07511270,NA
2830,NCT07158970,NA
2831,NCT07108270,PHASE2
2832,NCT01856270,PHASE2
2833,NCT07486570,NA
2834,NCT04825470,NA
2835,NCT03749070,NA
2836,NCT03815370,NA
2837,NCT01396070,PHASE2
2838,NCT05286073,NA
2839,NCT00517673,PHASE1
2840,NCT06535373,NA
2841,NCT00788073,PHASE2
2842,NCT06812273,NA
2843,NCT05921773,NA
2844,NCT00775073,PHASE2
2845,NCT00736073,NA
2846,NCT02325973,NA
2847,NCT06346873,NA
2848,NCT00348673,PHASE2
2849,NCT04524273,PHASE3
2850,NCT06107673,PHASE2
2851,NCT00222573,PHASE4
2852,NCT05169073,NA
2853,NCT02621073,NA
2854,NCT00000173,PHASE3
2855,NCT00997269,NA
2856,NCT03673969,NA
2857,NCT02501369,NA
2858,NCT00709969,PHASE3
2859,NCT03714269,NA
2860,NCT01492569,NA
2861,NCT02604069,EARLY_PHASE1
2862,NCT05503069,NA
2863,NCT03611569,PHASE1
2864,NCT01915069,PHASE2
2865,NCT03124069,NA
2866,NCT01313169,NA
2867,NCT00332969,PHASE2
2868,NCT03589469,PHASE2
2869,NCT00104169,PHASE2
2870,NCT06977269,NA
2871,NCT07636369,NA
2872,NCT02708069,NA
2873,NCT05067569,NA
2874,NCT02709369,NA
2875,NCT03781869,PHASE2
2876,NCT06280183,NA
2877,NCT00288483,PHASE3
2878,NCT00528983,PHASE1
2879,NCT05537883,PHASE1
2880,NCT01359683,NA
2881,NCT06099483,NA
2882,NCT06259383,PHASE3
2883,NCT07490483,NA
2884,NCT05372783,PHASE2
2885,NCT05172583,NA
2886,NCT02204683,PHASE1
2887,NCT02139683,NA
2888,NCT04202783,NA
2889,NCT01363583,PHASE1
2890,NCT04136483,NA
2891,NCT00298441,PHASE4
2892,NCT02604641,NA
2893,NCT02091141,PHASE2
2894,NCT06563141,NA
2895,NCT04290741,NA
2896,NCT02975141,PHASE1
2897,NCT03155841,NA
2898,NCT03560141,NA
2899,NCT04801641,PHASE2
2900,NCT06970041,NA
2901,NCT01016041,PHASE3
2902,NCT01676441,PHASE2
2903,NCT01676441,PHASE3
2904,NCT03545841,NA
2905,NCT01602341,PHASE2
2906,NCT03179254,PHASE4
2907,NCT03613454,NA
2908,NCT00658554,PHASE1
2909,NCT00527254,NA
2910,NCT07236554,NA
2911,NCT02631954,PHASE1
2912,NCT07573254,NA
2913,NCT00006054,NA
2914,NCT06244654,NA
2915,NCT00002754,PHASE1
2916,NCT00723554,PHASE3
2917,NCT06122454,PHASE1
2918,NCT06122454,PHASE2
2919,NCT00489554,PHASE3
2920,NCT05935254,NA
2921,NCT02534454,NA
2922,NCT04844554,NA
2923,NCT05850754,NA
2924,NCT01660854,NA
2925,NCT06440954,PHASE2
2926,NCT04587154,NA
2927,NCT02434354,PHASE1
2928,NCT05715554,NA
2929,NCT07194005,PHASE2
2930,NCT07012005,PHASE1
2931,NCT07168005,NA
2932,NCT02641405,NA
2933,NCT00610805,NA
2934,NCT06328205,NA
2935,NCT06559605,NA
2936,NCT04591405,PHASE2
2937,NCT04591405,PHASE3
2938,NCT00365105,PHASE3
2939,NCT00649805,PHASE1
2940,NCT06039605,NA
2941,NCT04400305,NA
2942,NCT07585305,NA
2943,NCT07090005,NA
2944,NCT06388005,NA
2945,NCT00961194,PHASE2
2946,NCT04276194,NA
2947,NCT03929094,PHASE2
2948,NCT06847594,PHASE3
2949,NCT02957994,PHASE4
2950,NCT00003294,PHASE1
2951,NCT03952494,NA
2952,NCT05204394,PHASE2
2953,NCT05204394,PHASE3
2954,NCT06288594,NA
2955,NCT03219294,PHASE4
2956,NCT03769194,PHASE2
2957,NCT06023394,NA
2958,NCT03098394,NA
2959,NCT06361394,NA
2960,NCT04630366,PHASE1
2961,NCT01711866,PHASE4
2962,NCT07639866,PHASE2
2963,NCT00514566,NA
2964,NCT04783766,PHASE1
2965,NCT04540666,NA
2966,NCT01679366,PHASE3
2967,NCT01167166,PHASE1
2968,NCT01167166,PHASE2
2969,NCT05275166,NA
2970,NCT00731666,NA
2971,NCT01791166,NA
2972,NCT02117466,PHASE1
2973,NCT02117466,PHASE2
2974,NCT07617766,NA
2975,NCT03153566,PHASE3
2976,NCT06033066,NA
2977,NCT02936466,NA
2978,NCT07512466,NA
2979,NCT04567966,NA
2980,NCT06530966,PHASE1
2981,NCT04068766,NA
2982,NCT06748066,NA
2983,NCT00314756,PHASE4
2984,NCT05262556,PHASE1
2985,NCT04326556,NA
2986,NCT01471756,PHASE4
2987,NCT06610656,NA
2988,NCT06345456,NA
2989,NCT04877756,PHASE2
2990,NCT02827656,NA
2991,NCT03797456,PHASE2
2992,NCT07433556,PHASE1
2993,NCT05969756,NA
2994,NCT07287956,NA
2995,NCT00542256,NA
2996,NCT06442956,NA
2997,NCT02854956,NA
2998,NCT04728256,NA
2999,NCT00912756,PHASE4
3000,NCT06046456,NA
3001,NCT06359756,NA
3002,NCT03142256,PHASE4
3003,NCT06119256,PHASE1
3004,NCT07196956,NA
3005,NCT03979456,PHASE3
3006,NCT00806156,PHASE2
3007,NCT03112122,PHASE4
3008,NCT06498622,PHASE2
3009,NCT05219422,NA
3010,NCT04825522,PHASE4
3011,NCT05002322,NA
3012,NCT01830322,PHASE2
3013,NCT01597622,PHASE3
3014,NCT04702022,NA
3015,NCT07250022,NA
3016,NCT00045422,PHASE2
3017,NCT00795522,PHASE4
3018,NCT02909322,PHASE4
3019,NCT02416622,PHASE1
3020,NCT02416622,PHASE2
3021,NCT05835622,NA
3022,NCT07294222,NA
3023,NCT01993251,PHASE2
3024,NCT02112851,NA
3025,NCT02768051,NA
3026,NCT00798551,NA
3027,NCT00708851,NA
3028,NCT05968651,PHASE2
3029,NCT05215951,PHASE2
3030,NCT07624851,NA
3031,NCT07636551,NA
3032,NCT05633251,NA
3033,NCT06023251,NA
3034,NCT01461551,NA
3035,NCT01240551,PHASE2
3036,NCT02792751,NA
3037,NCT02488551,NA
3038,NCT03002051,NA
3039,NCT06996951,PHASE3
3040,NCT06850051,PHASE1
3041,NCT04491851,PHASE2
3042,NCT00117351,PHASE2
3043,NCT00028951,PHASE3
3044,NCT02595229,NA
3045,NCT01613729,PHASE4
3046,NCT02496429,NA
3047,NCT05582629,PHASE3
3048,NCT03585829,PHASE4
3049,NCT04536129,NA
3050,NCT04541329,PHASE4
3051,NCT04321629,PHASE2
3052,NCT03758729,PHASE2
3053,NCT07238829,NA
3054,NCT03284229,NA
3055,NCT01949129,PHASE2
3056,NCT01949129,PHASE3
3057,NCT02299531,NA
3058,NCT06308731,NA
3059,NCT03693131,PHASE3
3060,NCT01736631,NA
3061,NCT04293731,NA
3062,NCT03019731,NA
3063,NCT03765931,PHASE4
3064,NCT05414331,NA
3065,NCT00288431,PHASE1
3066,NCT06120231,NA
3067,NCT00794131,PHASE1
3068,NCT00596531,PHASE1
3069,NCT05361031,PHASE1
3070,NCT05361031,PHASE2
3071,NCT02754531,NA
3072,NCT04839731,EARLY_PHASE1
3073,NCT01828931,NA
3074,NCT06602531,PHASE1
3075,NCT01445431,PHASE3
3076,NCT01885702,PHASE1
3077,NCT01885702,PHASE2
3078,NCT04403802,NA
3079,NCT07071402,NA
3080,NCT00572702,NA
3081,NCT03163602,NA
3082,NCT00254202,PHASE3
3083,NCT01909102,NA
3084,NCT01924702,PHASE2
3085,NCT00954902,NA
3086,NCT01620502,NA
3087,NCT01420302,NA
3088,NCT00852202,PHASE2
3089,NCT01208402,PHASE3
3090,NCT05064202,NA
3091,NCT01261702,PHASE4
3092,NCT03263702,NA
3093,NCT02734602,NA
3094,NCT06494202,NA
3095,NCT00200902,PHASE4
3096,NCT05575102,NA
3097,NCT00524602,NA
3098,NCT05569902,NA
3099,NCT00330902,PHASE3
3100,NCT07557602,PHASE1
3101,NCT00782002,PHASE1
3102,NCT00207402,PHASE4
3103,NCT06179953,NA
3104,NCT03067753,PHASE2
3105,NCT00001253,PHASE2
3106,NCT03192553,NA
3107,NCT04963153,PHASE1
3108,NCT00652353,NA
3109,NCT02521753,NA
3110,NCT00079053,PHASE1
3111,NCT00095953,PHASE2
3112,NCT04783753,PHASE1
3113,NCT06901453,NA
3114,NCT06504953,NA
3115,NCT06965153,NA
3116,NCT06530953,NA
3117,NCT05919953,NA
3118,NCT07543653,NA
3119,NCT03829553,PHASE3
3120,NCT02497053,PHASE2
3121,NCT00374153,NA
3122,NCT04131153,NA
3123,NCT03612453,NA
3124,NCT03845153,PHASE4
3125,NCT05741853,NA
3126,NCT06012253,NA
3127,NCT02589353,PHASE4
3128,NCT07452653,NA
3129,NCT04521153,PHASE2
3130,NCT04521153,PHASE3
3131,NCT03272737,NA
3132,NCT04692337,NA
3133,NCT00944437,NA
3134,NCT04880837,NA
3135,NCT02835937,NA
3136,NCT06678737,PHASE2
3137,NCT04466137,PHASE3
3138,NCT01668537,PHASE2
3139,NCT00364637,PHASE4
3140,NCT02993237,PHASE1
3141,NCT05608837,PHASE2
3142,NCT03820037,PHASE1
3143,NCT05096637,NA
3144,NCT07218237,NA
3145,NCT05294237,NA
3146,NCT03224637,NA
3147,NCT02140437,PHASE2
3148,NCT01686737,NA
3149,NCT00833937,PHASE1
3150,NCT00122837,PHASE3
3151,NCT03023137,NA
3152,NCT06872645,NA
3153,NCT02440945,NA
3154,NCT03549845,NA
3155,NCT07670845,NA
3156,NCT00089245,PHASE1
3157,NCT04210245,PHASE2
3158,NCT05911945,NA
3159,NCT04522245,NA
3160,NCT04253145,PHASE1
3161,NCT04253145,PHASE2
3162,NCT05456945,NA
3163,NCT04570345,PHASE4
3164,NCT05454345,PHASE3
3165,NCT07574372,NA
3166,NCT01884272,PHASE1
3167,NCT02698072,NA
3168,NCT00143572,PHASE1
3169,NCT03805672,PHASE4
3170,NCT06137872,NA
3171,NCT04009772,PHASE2
3172,NCT04009772,PHASE3
3173,NCT01440972,NA
3174,NCT03357172,NA
3175,NCT02284672,PHASE4
3176,NCT04882072,PHASE3
3177,NCT01816672,NA
3178,NCT05174572,NA
3179,NCT03576872,NA
3180,NCT04494672,NA
3181,NCT03175172,PHASE2
3182,NCT02460172,NA
3183,NCT03819972,NA
3184,NCT02343172,PHASE1
3185,NCT01472172,EARLY_PHASE1
3186,NCT02830672,PHASE2
3187,NCT02830672,PHASE3
3188,NCT06949072,NA
3189,NCT05299372,NA
3190,NCT02696772,NA
3191,NCT01544972,PHASE4
3192,NCT01585272,PHASE4
3193,NCT03796572,PHASE4
3194,NCT00410995,PHASE4
3195,NCT02680795,PHASE1
3196,NCT01829295,PHASE3
3197,NCT06320795,NA
3198,NCT00794495,PHASE4
3199,NCT00002295,NA
3200,NCT07401095,NA
3201,NCT04270695,NA
3202,NCT07160595,NA
3203,NCT03289195,NA
3204,NCT04162795,PHASE4
3205,NCT04375995,NA
3206,NCT01179295,PHASE1
3207,NCT06188195,NA
3208,NCT02787395,NA
3209,NCT07394595,NA
3210,NCT07377695,NA
3211,NCT04346095,PHASE4
3212,NCT04230395,NA
3213,NCT00941395,NA
3214,NCT02576795,PHASE1
3215,NCT02576795,PHASE2
3216,NCT06731439,NA
3217,NCT03476239,PHASE3
3218,NCT04179539,NA
3219,NCT01380639,NA
3220,NCT05174039,PHASE1
3221,NCT05174039,PHASE2
3222,NCT06136039,NA
3223,NCT02323139,PHASE1
3224,NCT06518239,NA
3225,NCT03958539,NA
3226,NCT05214339,PHASE2
3227,NCT03672539,PHASE2
3228,NCT07205939,NA
3229,NCT00228839,PHASE1
3230,NCT02146339,NA
3231,NCT00553839,NA
3232,NCT05969639,NA
3233,NCT01901939,NA
3234,NCT07066839,NA
3235,NCT02393339,EARLY_PHASE1
3236,NCT02646839,PHASE2
3237,NCT05712239,NA
3238,NCT07098039,NA
3239,NCT01813877,NA
3240,NCT05695677,NA
3241,NCT01835977,PHASE2
3242,NCT05824377,NA
3243,NCT07245277,PHASE4
3244,NCT05223777,NA
3245,NCT07701577,NA
3246,NCT00803777,NA
3247,NCT05148377,PHASE3
3248,NCT03433677,PHASE3
3249,NCT01926977,PHASE1
3250,NCT01926977,PHASE2
3251,NCT05786677,NA
3252,NCT02354677,NA
3253,NCT00031577,PHASE1
3254,NCT05331677,NA
3255,NCT04155775,NA
3256,NCT02725775,NA
3257,NCT03702075,NA
3258,NCT01333475,PHASE2
3259,NCT06805175,NA
3260,NCT02686775,NA
3261,NCT04381975,NA
3262,NCT02158975,PHASE2
3263,NCT00589875,PHASE2
3264,NCT05544175,NA
3265,NCT07174375,PHASE2
3266,NCT07174375,PHASE3
3267,NCT06602375,NA
3268,NCT01761175,NA
3269,NCT00299975,PHASE2
3270,NCT00927875,PHASE1
3271,NCT00579475,PHASE1
3272,NCT05797675,NA
3273,NCT02585557,NA
3274,NCT00506857,PHASE1
3275,NCT00506857,PHASE2
3276,NCT03439657,PHASE3
3277,NCT02430857,NA
3278,NCT00639457,NA
3279,NCT01568957,NA
3280,NCT04666857,NA
3281,NCT01129557,PHASE4
3282,NCT05569057,PHASE1
3283,NCT07320157,NA
3284,NCT02645357,NA
3285,NCT04877301,NA
3286,NCT01941901,PHASE2
3287,NCT00127101,PHASE1
3288,NCT05821101,NA
3289,NCT00626301,PHASE4
3290,NCT02896101,PHASE3
3291,NCT03738501,NA
3292,NCT02459301,PHASE1
3293,NCT06885801,PHASE2
3294,NCT06501001,NA
3295,NCT07321301,PHASE2
3296,NCT03228901,PHASE2
3297,NCT03543501,NA
3298,NCT07317401,NA
3299,NCT00019201,NA
3300,NCT01653301,PHASE3
3301,NCT01693601,PHASE1
3302,NCT01693601,PHASE2
3303,NCT01805401,NA
3304,NCT06072001,PHASE3
3305,NCT01064401,PHASE3
3306,NCT01333501,PHASE4
3307,NCT05647512,PHASE1
3308,NCT05647512,PHASE2
3309,NCT00105612,NA
3310,NCT04811612,NA
3311,NCT02532712,PHASE1
3312,NCT04640012,PHASE1
3313,NCT05895812,PHASE1
3314,NCT00251212,NA
3315,NCT02251912,PHASE2
3316,NCT01808612,PHASE3
3317,NCT04796012,PHASE1
3318,NCT04796012,PHASE2
3319,NCT03559712,NA
3320,NCT00459212,PHASE1
3321,NCT02730312,PHASE1
3322,NCT04699812,NA
3323,NCT00000912,PHASE2
3324,NCT04693312,PHASE2
3325,NCT04693312,PHASE3
3326,NCT02485912,PHASE1
3327,NCT01205581,PHASE2
3328,NCT06283381,PHASE4
3329,NCT04057781,NA
3330,NCT02495181,PHASE4
3331,NCT00655681,NA
3332,NCT02228681,PHASE2
3333,NCT04013581,PHASE4
3334,NCT04264481,NA
3335,NCT02257281,NA
3336,NCT02491281,PHASE1
3337,NCT03644381,NA
3338,NCT06375681,NA
3339,NCT00725881,PHASE1
3340,NCT00725881,PHASE2
3341,NCT02171481,PHASE1
3342,NCT03878381,EARLY_PHASE1
3343,NCT01548781,NA
3344,NCT01765881,PHASE2
3345,NCT00707681,PHASE2
3346,NCT06339281,PHASE2
3347,NCT05674019,NA
3348,NCT02695719,PHASE3
3349,NCT01909219,PHASE4
3350,NCT04578119,NA
3351,NCT00828919,NA
3352,NCT03850119,NA
3353,NCT01563419,NA
3354,NCT02661919,NA
3355,NCT00622219,NA
3356,NCT02182219,PHASE1
3357,NCT01720719,PHASE4
3358,NCT00585819,NA
3359,NCT07668219,NA
3360,NCT01100619,PHASE1
3361,NCT07244419,EARLY_PHASE1
3362,NCT00111319,PHASE3
3363,NCT00587119,NA
3364,NCT02680730,NA
3365,NCT00391430,PHASE4
3366,NCT05220930,NA
3367,NCT05968430,PHASE3
3368,NCT02719730,NA
3369,NCT04310930,PHASE2
3370,NCT04310930,PHASE3
3371,NCT01259830,PHASE4
3372,NCT04063930,PHASE4
3373,NCT00121030,PHASE2
3374,NCT07588230,NA
3375,NCT04457830,PHASE2
3376,NCT00206830,PHASE2
3377,NCT00206830,PHASE3
3378,NCT03425630,NA
3379,NCT02675530,PHASE1
3380,NCT03408730,PHASE3
3381,NCT06957730,NA
3382,NCT01133730,NA
3383,NCT03165630,NA
3384,NCT01510028,PHASE1
3385,NCT01510028,PHASE2
3386,NCT02387528,NA
3387,NCT00558428,PHASE3
3388,NCT01331928,PHASE2
3389,NCT00147628,PHASE4
3390,NCT06219928,NA
3391,NCT04685928,NA
3392,NCT04090528,PHASE2
3393,NCT05608928,PHASE2
3394,NCT06651528,NA
3395,NCT05923528,NA
3396,NCT03120728,PHASE4
3397,NCT04619628,PHASE1
3398,NCT04714528,NA
3399,NCT03710928,NA
3400,NCT00368628,PHASE2
3401,NCT03366428,PHASE1
3402,NCT05308628,NA
3403,NCT01494428,NA
3404,NCT03587428,NA
3405,NCT06880328,PHASE1
3406,NCT06570928,PHASE2
3407,NCT04696328,PHASE1
3408,NCT07573228,NA
3409,NCT01568528,PHASE2
3410,NCT04258865,PHASE1
3411,NCT01285765,PHASE3
3412,NCT04202965,PHASE2
3413,NCT04433065,NA
3414,NCT04266665,PHASE4
3415,NCT00267865,PHASE2
3416,NCT06893965,NA
3417,NCT06293365,PHASE2
3418,NCT01090765,PHASE1
3419,NCT01090765,PHASE2
3420,NCT03568565,NA
3421,NCT01751165,PHASE3
3422,NCT07373665,NA
3423,NCT03390465,PHASE1
3424,NCT00001967,PHASE4
3425,NCT06243367,NA
3426,NCT01009567,PHASE1
3427,NCT01009567,PHASE2
3428,NCT06208267,NA
3429,NCT03674567,PHASE1
3430,NCT03674567,PHASE2
3431,NCT04182867,NA
3432,NCT01144767,NA
3433,NCT02460367,PHASE1
3434,NCT06175767,PHASE2
3435,NCT04383067,PHASE2
3436,NCT05091567,PHASE3
3437,NCT06920667,NA
3438,NCT02221167,NA
3439,NCT02787967,PHASE2
3440,NCT00727467,PHASE1
3441,NCT00727467,PHASE2
3442,NCT02868567,PHASE1
3443,NCT02706067,PHASE4
3444,NCT02559700,NA
3445,NCT00834600,NA
3446,NCT07335900,NA
3447,NCT05467800,PHASE2
3448,NCT04095000,NA
3449,NCT05500300,NA
3450,NCT02670200,NA
3451,NCT01775800,NA
3452,NCT02618200,NA
3453,NCT04846400,NA
3454,NCT02883400,PHASE4
3455,NCT03849300,NA
3456,NCT00429000,NA
3457,NCT01051700,PHASE1
3458,NCT01523600,PHASE4
3459,NCT01439100,PHASE3
3460,NCT03799900,PHASE1
3461,NCT00293800,PHASE3
3462,NCT05673200,PHASE1
3463,NCT01527500,PHASE2
3464,NCT03657407,PHASE4
3465,NCT06265207,NA
3466,NCT04026607,NA
3467,NCT02461407,PHASE2
3468,NCT02461407,PHASE3
3469,NCT03219307,PHASE3
3470,NCT04599907,NA
3471,NCT04237207,NA
3472,NCT00835107,PHASE4
3473,NCT06036407,NA
3474,NCT00619307,PHASE3
3475,NCT07664007,NA
3476,NCT05984992,PHASE1
3477,NCT03288792,NA
3478,NCT03102892,NA
3479,NCT04084392,NA
3480,NCT00244192,PHASE2
3481,NCT02296892,PHASE3
3482,NCT07400692,NA
3483,NCT03624192,NA
3484,NCT02365792,NA
3485,NCT00976092,PHASE4
3486,NCT05225792,NA
3487,NCT01537692,PHASE1
3488,NCT01427192,PHASE2
3489,NCT01363492,PHASE2
3490,NCT04145492,PHASE2
3491,NCT04145492,PHASE3
3492,NCT00025792,PHASE2
3493,NCT07031492,NA
3494,NCT05555992,NA
3495,NCT04003792,PHASE2
3496,NCT01232192,NA
3497,NCT02291536,NA
3498,NCT06723236,PHASE1
3499,NCT02379936,NA
3500,NCT04985136,PHASE3
3501,NCT00479336,PHASE2
3502,NCT04190836,PHASE1
3503,NCT04147936,NA
3504,NCT03952936,NA
3505,NCT00320736,PHASE4
3506,NCT05939336,NA
3507,NCT03713736,NA
3508,NCT01615536,NA
3509,NCT04142736,NA
3510,NCT06084936,PHASE3
3511,NCT00937911,PHASE3
3512,NCT03186911,NA
3513,NCT03779711,PHASE2
3514,NCT06985511,NA
3515,NCT00477711,PHASE2
3516,NCT00446511,PHASE3
3517,NCT00415311,PHASE1
3518,NCT06000111,NA
3519,NCT04341311,PHASE1
3520,NCT06628011,NA
3521,NCT04250311,PHASE3
3522,NCT04590911,NA
3523,NCT02868411,NA
3524,NCT05100511,NA
3525,NCT04561011,NA
3526,NCT02629211,NA
3527,NCT03316911,NA
3528,NCT05673811,PHASE2
3529,NCT05740111,NA
3530,NCT07499011,NA
3531,NCT01854671,NA
3532,NCT02036671,NA
3533,NCT00949871,NA
3534,NCT05826171,NA
3535,NCT04246671,PHASE1
3536,NCT01628471,PHASE1
3537,NCT01628471,PHASE2
3538,NCT06526871,NA
3539,NCT00648271,PHASE1
3540,NCT02647671,PHASE1
3541,NCT06520371,NA
3542,NCT03135171,PHASE1
3543,NCT04732871,PHASE3
3544,NCT02275871,NA
3545,NCT07287371,PHASE4
3546,NCT05424471,NA
3547,NCT01816971,PHASE2
3548,NCT07369271,NA
3549,NCT06129071,NA
3550,NCT03530371,PHASE3
3551,NCT05971771,NA
3552,NCT03602144,NA
3553,NCT06909344,NA
3554,NCT05124444,NA
3555,NCT03780244,NA
3556,NCT03312244,PHASE2
3557,NCT03303144,PHASE1
3558,NCT03303144,PHASE2
3559,NCT05838144,NA
3560,NCT02571244,NA
3561,NCT04812444,NA
3562,NCT05814744,NA
3563,NCT00649844,PHASE3
3564,NCT01007344,PHASE3
3565,NCT07343544,NA
3566,NCT01476644,NA
3567,NCT03530644,NA
3568,NCT06640244,NA
3569,NCT01912144,NA
3570,NCT02347644,NA
3571,NCT03869034,PHASE2
3572,NCT00269334,PHASE4
3573,NCT04885634,PHASE3
3574,NCT03606434,NA
3575,NCT07302334,NA
3576,NCT05616234,NA
3577,NCT06084234,PHASE4
3578,NCT03711734,NA
3579,NCT04239534,NA
3580,NCT02000934,PHASE1
3581,NCT01497834,PHASE3
3582,NCT04883034,NA
3583,NCT02822534,PHASE1
3584,NCT00295334,PHASE2
3585,NCT02171234,PHASE1
3586,NCT00780234,PHASE2
3587,NCT01813864,NA
3588,NCT01933464,PHASE1
3589,NCT01933464,PHASE2
3590,NCT01626664,PHASE2
3591,NCT07658664,NA
3592,NCT07475364,PHASE1
3593,NCT07475364,PHASE2
3594,NCT05899764,PHASE1
3595,NCT05899764,PHASE2
3596,NCT04484064,NA
3597,NCT05637164,NA
3598,NCT05776264,NA
3599,NCT07370064,PHASE1
3600,NCT07370064,PHASE2
3601,NCT00942864,PHASE3
3602,NCT05495464,EARLY_PHASE1
3603,NCT05868564,NA
3604,NCT00376064,PHASE4
3605,NCT01507064,PHASE2
3606,NCT06808009,NA
3607,NCT04625309,NA
3608,NCT07172009,NA
3609,NCT03902509,PHASE2
3610,NCT05376709,NA
3611,NCT06232109,PHASE1
3612,NCT06134609,NA
3613,NCT01341509,PHASE4
3614,NCT06095609,NA
3615,NCT06691009,NA
3616,NCT03942809,NA
3617,NCT03207009,PHASE3
3618,NCT06779409,NA
3619,NCT03665909,NA
3620,NCT07681609,NA
3621,NCT03260309,NA
3622,NCT06753409,NA
3623,NCT06054009,NA
3624,NCT00968409,PHASE1
3625,NCT02154399,PHASE2
3626,NCT06775899,NA
3627,NCT07190599,NA
3628,NCT02510599,PHASE2
3629,NCT02042599,PHASE2
3630,NCT06423599,PHASE2
3631,NCT06423599,PHASE3
3632,NCT01961999,NA
3633,NCT04838899,NA
3634,NCT00249899,PHASE3
3635,NCT02965599,PHASE2
3636,NCT02480699,NA
3637,NCT01772199,PHASE2
3638,NCT06717399,NA
3639,NCT00355199,PHASE3
3640,NCT06985199,NA
3641,NCT06173999,PHASE1
3642,NCT06173999,PHASE2
3643,NCT00304499,PHASE3
3644,NCT02341599,PHASE1
3645,NCT07389499,EARLY_PHASE1
3646,NCT07535099,PHASE1
3647,NCT02085499,NA
3648,NCT07516899,PHASE1
3649,NCT00762099,PHASE4
3650,NCT06103799,NA
3651,NCT04651699,NA
3652,NCT03107299,NA
3653,NCT04171999,NA
3654,NCT01124799,PHASE1
3655,NCT05137899,PHASE2
3656,NCT06280599,NA
3657,NCT07187232,NA
3658,NCT05265832,NA
3659,NCT05988632,PHASE1
3660,NCT05988632,PHASE2
3661,NCT00123032,NA
3662,NCT06001632,NA
3663,NCT00960232,PHASE3
3664,NCT01634932,NA
3665,NCT05928832,NA
3666,NCT01807832,NA
3667,NCT02430532,PHASE3
3668,NCT01029132,NA
3669,NCT04875832,NA
3670,NCT04082832,PHASE2
3671,NCT04082832,PHASE3
3672,NCT02193932,NA
3673,NCT05996432,EARLY_PHASE1
3674,NCT03718832,NA
3675,NCT06990932,NA
3676,NCT05632432,NA
3677,NCT05221632,NA
3678,NCT02893332,PHASE3
3679,NCT00001332,PHASE1
3680,NCT00748332,PHASE3
3681,NCT00358332,PHASE1
3682,NCT06074198,NA
3683,NCT03058198,NA
3684,NCT03107598,NA
3685,NCT07198698,NA
3686,NCT02919098,NA
3687,NCT04610398,PHASE3
3688,NCT06334198,PHASE2
3689,NCT05551598,PHASE2
3690,NCT06261398,NA
3691,NCT06796998,PHASE2
3692,NCT03826498,PHASE2
3693,NCT00540098,PHASE4
3694,NCT06123598,NA
3695,NCT00841698,PHASE1
3696,NCT05239598,PHASE2
3697,NCT01147198,NA
3698,NCT00365898,PHASE3
3699,NCT04003298,NA
3700,NCT05025098,PHASE2
3701,NCT03748498,NA
3702,NCT06286098,PHASE3
3703,NCT04882098,PHASE3
3704,NCT00425763,PHASE4
3705,NCT03222063,NA
3706,NCT01183663,PHASE1
3707,NCT03055663,NA
3708,NCT06329063,NA
3709,NCT00602563,NA
3710,NCT05764863,NA
3711,NCT00006363,PHASE3
3712,NCT04541563,NA
3713,NCT02739763,PHASE1
3714,NCT05120063,NA
3715,NCT02954263,PHASE1
3716,NCT06508463,PHASE1
3717,NCT02759263,NA
3718,NCT02015663,PHASE4
3719,NCT05186363,PHASE4
3720,NCT06591663,NA
3721,NCT06253663,PHASE2
3722,NCT06821763,PHASE2
3723,NCT06821763,PHASE3
3724,NCT04282863,NA
3725,NCT00748163,PHASE2
3726,NCT02419963,NA
3727,NCT00464763,PHASE3
3728,NCT00449787,PHASE4
3729,NCT04491487,NA
3730,NCT03071887,NA
3731,NCT02856087,NA
3732,NCT07573787,NA
3733,NCT04486287,PHASE2
3734,NCT06106087,NA
3735,NCT02066987,PHASE2
3736,NCT05489887,PHASE2
3737,NCT06953687,NA
3738,NCT02455687,PHASE3
3739,NCT07257887,NA
3740,NCT07662187,NA
3741,NCT05212987,PHASE1
3742,NCT07538687,NA
3743,NCT00583687,NA
3744,NCT02100787,NA
3745,NCT02213887,PHASE4
3746,NCT05639387,NA
3747,NCT02310087,NA
3748,NCT00980187,PHASE4
3749,NCT02122887,NA
3750,NCT04250987,NA
3751,NCT02684487,PHASE3
3752,NCT00003693,PHASE1
3753,NCT02143193,NA
3754,NCT05993793,NA
3755,NCT02933593,NA
3756,NCT02914093,NA
3757,NCT04722393,NA
3758,NCT01179893,PHASE4
3759,NCT04518293,PHASE3
3760,NCT07519993,NA
3761,NCT06074393,NA
3762,NCT07348393,PHASE2
3763,NCT06426693,NA
3764,NCT06931093,NA
3765,NCT02178293,PHASE4
3766,NCT06166693,NA
3767,NCT03384693,PHASE2
3768,NCT05066893,NA
3769,NCT01292993,PHASE1
3770,NCT06342193,NA
3771,NCT03189693,NA
3772,NCT05895721,NA
3773,NCT06300021,NA
3774,NCT06444321,NA
3775,NCT01322321,PHASE2
3776,NCT01711021,PHASE2
3777,NCT07437521,NA
3778,NCT06210321,NA
3779,NCT00078221,PHASE3
3780,NCT02513121,NA
3781,NCT07632521,NA
3782,NCT02583321,NA
3783,NCT05211921,NA
3784,NCT06558721,NA
3785,NCT00323921,NA
3786,NCT04001621,PHASE2
3787,NCT02592421,PHASE3
3788,NCT05990621,PHASE1
3789,NCT02234921,PHASE1
3790,NCT04616521,NA
3791,NCT02264821,PHASE3
3792,NCT05193721,PHASE1
3793,NCT04606914,PHASE2
3794,NCT04353414,PHASE4
3795,NCT06654414,NA
3796,NCT02771314,PHASE2
3797,NCT05956314,PHASE1
3798,NCT04686214,NA
3799,NCT06083714,NA
3800,NCT07648914,PHASE3
3801,NCT00362414,PHASE2
3802,NCT03473314,PHASE2
3803,NCT05815914,NA
3804,NCT02096614,PHASE1
3805,NCT03244514,NA
3806,NCT06438614,PHASE2
3807,NCT00049114,PHASE2
3808,NCT01264614,NA
3809,NCT00677014,PHASE4
3810,NCT01579214,NA
3811,NCT02881814,NA
3812,NCT06775314,PHASE3
3813,NCT01845714,NA
3814,NCT01824914,NA
3815,NCT01306214,PHASE3
3816,NCT00420914,PHASE3
3817,NCT07705516,NA
3818,NCT06288516,PHASE4
3819,NCT06066216,PHASE2
3820,NCT00914316,NA
3821,NCT07640516,NA
3822,NCT02463916,PHASE2
3823,NCT03299816,NA
3824,NCT07181616,NA
3825,NCT00734916,NA
3826,NCT05736016,NA
3827,NCT00084916,PHASE2
3828,NCT04588116,NA
3829,NCT01638416,PHASE3
3830,NCT00086216,PHASE1
3831,NCT00086216,PHASE2
3832,NCT02712216,NA
3833,NCT04325516,NA
3834,NCT02868216,NA
3835,NCT06672406,NA
3836,NCT05687006,NA
3837,NCT02899806,NA
3838,NCT06392906,PHASE3
3839,NCT00685906,PHASE1
3840,NCT06220006,NA
3841,NCT07674706,NA
3842,NCT03261206,PHASE4
3843,NCT01874106,NA
3844,NCT04311606,PHASE2
3845,NCT04227106,PHASE3
3846,NCT02297906,PHASE1
3847,NCT05619406,NA
3848,NCT00927706,PHASE2
3849,NCT01888406,NA
3850,NCT05273606,NA
3851,NCT05398406,NA
3852,NCT06519006,NA
3853,NCT03362606,PHASE1
3854,NCT03362606,PHASE2
3855,NCT05989906,NA
3856,NCT04623606,PHASE1
3857,NCT04623606,PHASE2
3858,NCT05466006,NA
3859,NCT01697306,PHASE2
3860,NCT01655706,PHASE3
3861,NCT05102006,PHASE1
3862,NCT05102006,PHASE2
3863,NCT05625906,NA
3864,NCT02798406,PHASE2
3865,NCT07342504,NA
3866,NCT01456104,PHASE1
3867,NCT07540104,NA
3868,NCT00436904,PHASE2
3869,NCT00538304,PHASE2
3870,NCT02805504,PHASE4
3871,NCT06783504,NA
3872,NCT04903704,NA
3873,NCT02489604,PHASE2
3874,NCT03014804,PHASE2
3875,NCT04910204,NA
3876,NCT07564804,NA
3877,NCT01629004,NA
3878,NCT00585104,PHASE2
3879,NCT01310504,NA
3880,NCT07245004,EARLY_PHASE1
3881,NCT05590104,NA
3882,NCT07372404,NA
3883,NCT03224104,PHASE1
3884,NCT06078904,PHASE4
3885,NCT00183404,PHASE2
3886,NCT00183404,PHASE3
3887,NCT03815604,NA
3888,NCT00866684,PHASE4
3889,NCT04046484,PHASE2
3890,NCT03365284,NA
3891,NCT00653484,NA
3892,NCT02715284,PHASE1
3893,NCT00272584,PHASE4
3894,NCT05082584,PHASE3
3895,NCT07707284,PHASE1
3896,NCT01550484,PHASE2
3897,NCT01550484,PHASE3
3898,NCT06428084,PHASE2
3899,NCT01385384,NA
3900,NCT00260884,PHASE3
3901,NCT02469584,NA
3902,NCT02763384,PHASE2
3903,NCT04627584,PHASE2
3904,NCT00533533,PHASE1
3905,NCT00533533,PHASE2
3906,NCT01749033,NA
3907,NCT07095933,EARLY_PHASE1
3908,NCT03459833,PHASE3
3909,NCT02219633,PHASE1
3910,NCT06988033,NA
3911,NCT04050033,NA
3912,NCT02288533,NA
3913,NCT00143533,PHASE1
3914,NCT00628433,PHASE1
3915,NCT00628433,PHASE2
3916,NCT01378533,PHASE3
3917,NCT02283333,NA
3918,NCT03139552,NA
3919,NCT01713452,NA
3920,NCT04821752,NA
3921,NCT00079352,PHASE1
3922,NCT00000852,NA
3923,NCT06952452,PHASE3
3924,NCT00036452,PHASE2
3925,NCT06299852,NA
3926,NCT03383952,PHASE1
3927,NCT00006052,PHASE2
3928,NCT00924352,PHASE1
3929,NCT00924352,PHASE2
3930,NCT07064252,NA
3931,NCT00702052,PHASE2
3932,NCT03006952,PHASE4
3933,NCT07668752,PHASE3
3934,NCT07259252,NA
3935,NCT07685652,NA
3936,NCT00256152,PHASE4
3937,NCT06545747,PHASE3
3938,NCT00950547,NA
3939,NCT00200447,PHASE2
3940,NCT01653847,NA
3941,NCT02487147,NA
3942,NCT02004847,NA
3943,NCT04495647,NA
3944,NCT01460147,NA
3945,NCT07056647,NA
3946,NCT02920047,PHASE1
3947,NCT02557347,PHASE4
3948,NCT01714947,PHASE1
3949,NCT06497647,NA
3950,NCT00583947,PHASE2
3951,NCT03319147,NA
3952,NCT00396747,PHASE4
3953,NCT02338947,NA
3954,NCT04002947,PHASE2
3955,NCT00881647,NA
3956,NCT04830449,PHASE3
3957,NCT04397549,NA
3958,NCT05155449,NA
3959,NCT04722549,NA
3960,NCT02324049,PHASE1
3961,NCT02324049,PHASE2
3962,NCT01603849,NA
3963,NCT02867449,NA
3964,NCT05358249,PHASE1
3965,NCT05358249,PHASE2
3966,NCT06784349,PHASE1
3967,NCT00441649,NA
3968,NCT01495949,PHASE4
3969,NCT02629549,PHASE1
3970,NCT04332549,PHASE1
3971,NCT04241549,PHASE1
3972,NCT02489149,NA
3973,NCT03808649,NA
3974,NCT00302549,NA
3975,NCT07414849,NA
3976,NCT02243449,PHASE2
3977,NCT01833949,NA
3978,NCT00003138,PHASE3
3979,NCT03880838,NA
3980,NCT06551038,NA
3981,NCT00624338,PHASE2
3982,NCT00624338,PHASE3
3983,NCT02899338,PHASE1
3984,NCT07429838,PHASE1
3985,NCT03958838,NA
3986,NCT07578038,NA
3987,NCT06313138,NA
3988,NCT07528638,NA
3989,NCT06987838,NA
3990,NCT01581138,PHASE2
3991,NCT00221338,PHASE3
3992,NCT07355738,PHASE1
3993,NCT07364838,PHASE1
3994,NCT03915938,PHASE2
3995,NCT03915938,PHASE3
3996,NCT05348538,NA
3997,NCT06720558,NA
3998,NCT06655558,NA
3999,NCT06078358,NA
4000,NCT06797258,NA
4001,NCT03491358,NA
4002,NCT05856058,PHASE1
4003,NCT05797558,NA
4004,NCT04146558,PHASE3
4005,NCT02327858,NA
4006,NCT05687058,PHASE1
4007,NCT05687058,PHASE2
4008,NCT07539558,NA
4009,NCT03817658,PHASE2
4010,NCT03453658,NA
4011,NCT06350058,PHASE1
4012,NCT01042158,PHASE4
4013,NCT02115958,PHASE1
4014,NCT02115958,PHASE2
4015,NCT04075058,PHASE3
4016,NCT00110058,PHASE2
4017,NCT00570258,PHASE2
4018,NCT02739958,NA
4019,NCT03153358,PHASE2
4020,NCT04288258,NA
4021,NCT06352658,NA
4022,NCT04723758,NA
4023,NCT03846258,PHASE4
4024,NCT02767258,NA
4025,NCT03373058,PHASE3
4026,NCT02083458,NA
4027,NCT07603648,NA
4028,NCT01697748,NA
4029,NCT05553548,NA
4030,NCT03889548,NA
4031,NCT00324948,PHASE2
4032,NCT03876548,EARLY_PHASE1
4033,NCT02124148,PHASE1
4034,NCT05371548,NA
4035,NCT07503548,PHASE3
4036,NCT02463448,PHASE1
4037,NCT02510248,PHASE1
4038,NCT05121948,PHASE1
4039,NCT03569748,NA
4040,NCT01523548,PHASE1
4041,NCT01523548,PHASE2
4042,NCT02416648,NA
4043,NCT00005048,PHASE1
4044,NCT06221748,PHASE2
4045,NCT06221748,PHASE3
4046,NCT03071055,PHASE2
4047,NCT01514955,PHASE1
4048,NCT06582355,NA
4049,NCT07193355,NA
4050,NCT06257355,PHASE1
4051,NCT06873555,PHASE1
4052,NCT06873555,PHASE2
4053,NCT05651555,NA
4054,NCT06504355,NA
4055,NCT04666155,NA
4056,NCT03897855,NA
4057,NCT03163355,NA
4058,NCT05661955,PHASE1
4059,NCT05661955,PHASE2
4060,NCT05158855,NA
4061,NCT06924255,PHASE4
4062,NCT07052955,NA
4063,NCT04967755,NA
4064,NCT01544855,NA
4065,NCT06396455,NA
4066,NCT01410955,PHASE3
4067,NCT00614055,PHASE2
4068,NCT00389155,PHASE2
4069,NCT00389155,PHASE3
4070,NCT01214226,PHASE3
4071,NCT07064226,NA
4072,NCT05179226,PHASE3
4073,NCT06137326,NA
4074,NCT03927326,NA
4075,NCT00040326,PHASE3
4076,NCT04898426,NA
4077,NCT01118026,PHASE2
4078,NCT05362526,NA
4079,NCT04955626,PHASE3
4080,NCT04721678,NA
4081,NCT02892578,NA
4082,NCT01254578,PHASE1
4083,NCT02897778,PHASE1
4084,NCT00916578,PHASE2
4085,NCT00003578,PHASE3
4086,NCT07025278,NA
4087,NCT06185478,NA
4088,NCT02845778,PHASE1
4089,NCT02845778,PHASE2
4090,NCT02581085,PHASE2
4091,NCT03818685,PHASE2
4092,NCT02839785,PHASE3
4093,NCT02597985,NA
4094,NCT05971485,PHASE2
4095,NCT00969085,PHASE2
4096,NCT06447285,NA
4097,NCT03817385,NA
4098,NCT06616285,NA
4099,NCT04065685,NA
4100,NCT07072585,PHASE2
4101,NCT07072585,PHASE3
4102,NCT01161485,NA
4103,NCT07071285,NA
4104,NCT03364985,PHASE1
4105,NCT03739385,NA
4106,NCT02318485,PHASE2
4107,NCT04498585,NA
4108,NCT03060785,PHASE1
4109,NCT00289185,PHASE2
4110,NCT06843785,NA
4111,NCT06464185,PHASE1
4112,NCT06464185,PHASE2
4113,NCT05447143,NA
4114,NCT01795443,NA
4115,NCT02611843,NA
4116,NCT03754543,NA
4117,NCT04989543,NA
4118,NCT05071443,NA
4119,NCT07350343,NA
4120,NCT05105243,PHASE1
4121,NCT04915443,NA
4122,NCT03788343,PHASE4
4123,NCT00003443,PHASE2
4124,NCT07264543,PHASE2
4125,NCT07264543,PHASE3
4126,NCT05851443,PHASE2
4127,NCT03172143,NA
4128,NCT02659943,PHASE1
4129,NCT04516343,PHASE1
4130,NCT02363543,PHASE4
4131,NCT03736915,NA
4132,NCT01294215,PHASE3
4133,NCT07283315,EARLY_PHASE1
4134,NCT07340515,PHASE3
4135,NCT04783415,PHASE2
4136,NCT00869115,PHASE1
4137,NCT00080015,PHASE2
4138,NCT00189215,PHASE4
4139,NCT05997615,PHASE1
4140,NCT01434615,PHASE4
4141,NCT04247815,PHASE2
4142,NCT03112915,NA
4143,NCT00867815,PHASE4
4144,NCT02037815,PHASE4
4145,NCT05021315,PHASE3
4146,NCT02430415,NA
4147,NCT01918215,NA
4148,NCT07571915,NA
4149,NCT00201435,PHASE2
4150,NCT00201435,PHASE3
4151,NCT02091635,NA
4152,NCT01739335,PHASE2
4153,NCT06124235,PHASE3
4154,NCT02476435,NA
4155,NCT00981435,PHASE4
4156,NCT03175835,PHASE1
4157,NCT07685535,PHASE2
4158,NCT02272335,NA
4159,NCT06930235,NA
4160,NCT00518635,NA
4161,NCT06022835,NA
4162,NCT05355935,PHASE1
4163,NCT02659735,PHASE1
4164,NCT03919435,PHASE1
4165,NCT03919435,PHASE2
4166,NCT05228535,NA
4167,NCT02919735,PHASE2
4168,NCT00218335,PHASE2
4169,NCT00960635,PHASE2
4170,NCT00478335,NA
4171,NCT05612035,PHASE2
4172,NCT01635608,PHASE1
4173,NCT01592708,NA
4174,NCT00378508,PHASE2
4175,NCT03427008,NA
4176,NCT06879808,NA
4177,NCT01375608,PHASE2
4178,NCT04675008,PHASE2
4179,NCT06124508,NA
4180,NCT07692308,NA
4181,NCT04031508,PHASE2
4182,NCT05067608,PHASE1
4183,NCT05067608,PHASE2
4184,NCT00412308,NA
4185,NCT00386308,PHASE3
4186,NCT00964808,PHASE4
4187,NCT04511208,NA
4188,NCT07013708,NA
4189,NCT07111208,NA
4190,NCT02423408,PHASE2
4191,NCT05490108,PHASE1
4192,NCT05490108,PHASE2
4193,NCT05696808,NA
4194,NCT05179408,NA
4195,NCT04884308,PHASE2
4196,NCT03454425,NA
4197,NCT02025725,PHASE3
4198,NCT05238025,PHASE3
4199,NCT07409025,NA
4200,NCT04495725,NA
4201,NCT00235625,PHASE2
4202,NCT05761925,NA
4203,NCT01670825,NA
4204,NCT00101725,PHASE2
4205,NCT06376825,NA
4206,NCT02007525,NA
4207,NCT02314325,PHASE4
4208,NCT02717325,NA
4209,NCT07497425,NA
4210,NCT04250025,NA
4211,NCT03711825,EARLY_PHASE1
4212,NCT01071525,PHASE3
4213,NCT04113525,NA
4214,NCT02081976,PHASE2
4215,NCT06498076,NA
4216,NCT05136976,PHASE3
4217,NCT00002876,PHASE2
4218,NCT06412276,NA
4219,NCT04108676,PHASE1
4220,NCT02793076,NA
4221,NCT00889876,NA
4222,NCT01838876,PHASE3
4223,NCT03097276,NA
4224,NCT01353976,PHASE3
4225,NCT06474676,PHASE1
4226,NCT03125876,PHASE1
4227,NCT01204476,PHASE1
4228,NCT06967376,EARLY_PHASE1
4229,NCT03101176,NA
4230,NCT04739176,NA
4231,NCT06340776,NA
4232,NCT03179176,NA
4233,NCT01466517,PHASE4
4234,NCT00904917,PHASE1
4235,NCT02726217,NA
4236,NCT01773317,NA
4237,NCT01484717,PHASE2
4238,NCT02319317,NA
4239,NCT05795517,PHASE2
4240,NCT04838717,PHASE3
4241,NCT05015517,NA
4242,NCT01824017,NA
4243,NCT00760617,PHASE3
4244,NCT00992017,PHASE2
4245,NCT04299217,NA
4246,NCT01917240,PHASE4
4247,NCT05678140,NA
4248,NCT07166640,NA
4249,NCT00622440,PHASE2
4250,NCT05552040,NA
4251,NCT06865040,NA
4252,NCT04610840,NA
4253,NCT01650740,NA
4254,NCT06608940,PHASE1
4255,NCT06608940,PHASE2
4256,NCT06499740,NA
4257,NCT01095640,NA
4258,NCT04900740,NA
4259,NCT01215240,NA
4260,NCT06113640,PHASE2
4261,NCT06113640,PHASE3
4262,NCT05997940,NA
4263,NCT04691440,PHASE2
4264,NCT01034540,NA
4265,NCT02317640,PHASE1
4266,NCT02317640,PHASE2
4267,NCT03197740,PHASE3
4268,NCT05402540,NA
4269,NCT00409240,PHASE3
4270,NCT00489840,PHASE1
4271,NCT00489840,PHASE2
4272,NCT01567540,PHASE1
4273,NCT05607940,PHASE2
4274,NCT05607940,PHASE3
4275,NCT05184140,NA
4276,NCT00495040,PHASE2
4277,NCT03318289,NA
4278,NCT01832389,NA
4279,NCT05481489,PHASE1
4280,NCT05750589,PHASE3
4281,NCT03628989,NA
4282,NCT05083689,PHASE2
4283,NCT05083689,PHASE3
4284,NCT07281989,NA
4285,NCT03956589,PHASE4
4286,NCT06674889,NA
4287,NCT02516189,NA
4288,NCT03743389,NA
4289,NCT00005089,PHASE2
4290,NCT01634789,PHASE1
4291,NCT06873789,PHASE1
4292,NCT06873789,PHASE2
4293,NCT02365389,PHASE2
4294,NCT02365389,PHASE3
4295,NCT02812589,NA
4296,NCT07307989,PHASE2
4297,NCT04367389,NA
4298,NCT01571089,NA
4299,NCT03190889,NA
4300,NCT00866489,PHASE1
4301,NCT04151589,NA
4302,NCT04410289,NA
4303,NCT04306289,NA
4304,NCT05556889,NA
4305,NCT00482989,PHASE1
4306,NCT03825068,NA
4307,NCT03838068,PHASE2
4308,NCT03838068,PHASE3
4309,NCT02458768,PHASE4
4310,NCT04993768,PHASE2
4311,NCT03032068,NA
4312,NCT02523768,PHASE4
4313,NCT06518668,PHASE1
4314,NCT03217968,NA
4315,NCT02447068,NA
4316,NCT03769168,PHASE3
4317,NCT05778968,NA
4318,NCT04923568,NA
4319,NCT03929068,PHASE1
4320,NCT07081568,NA
4321,NCT03295968,NA
4322,NCT06422468,NA
4323,NCT03372850,PHASE1
4324,NCT07114250,NA
4325,NCT03931850,NA
4326,NCT02678650,PHASE4
4327,NCT01790750,NA
4328,NCT04191850,NA
4329,NCT07570550,NA
4330,NCT00274950,PHASE3
4331,NCT02193750,NA
4332,NCT03014050,EARLY_PHASE1
4333,NCT01412450,PHASE4
4334,NCT06277791,PHASE2
4335,NCT07155291,NA
4336,NCT01214291,PHASE3
4337,NCT04304391,NA
4338,NCT00826891,PHASE2
4339,NCT05740891,PHASE1
4340,NCT04062591,EARLY_PHASE1
4341,NCT03718091,PHASE2
4342,NCT01407991,PHASE2
4343,NCT06657391,PHASE2
4344,NCT01690091,PHASE2
4345,NCT01690091,PHASE3
4346,NCT05306691,EARLY_PHASE1
4347,NCT06294691,PHASE3
4348,NCT05857891,NA
4349,NCT06054191,PHASE2
4350,NCT06828991,PHASE2
4351,NCT03681691,PHASE1
4352,NCT02559791,PHASE2
4353,NCT02559791,PHASE3
4354,NCT00032591,PHASE4
4355,NCT01396291,PHASE3
4356,NCT01316991,NA
4357,NCT01886391,NA
4358,NCT03235674,NA
4359,NCT02291874,PHASE4
4360,NCT00004874,PHASE3
4361,NCT00681174,PHASE4
4362,NCT02528474,NA
4363,NCT03464474,NA
4364,NCT03851874,NA
4365,NCT05253274,NA
4366,NCT05407974,NA
4367,NCT00237874,PHASE2
4368,NCT00237874,PHASE3
4369,NCT00103974,PHASE1
4370,NCT04525274,NA
4371,NCT05833074,NA
4372,NCT03316274,EARLY_PHASE1
4373,NCT01030874,NA
4374,NCT05141474,EARLY_PHASE1
4375,NCT06272474,NA
4376,NCT02687074,NA
4377,NCT01026974,PHASE2
4378,NCT00300274,PHASE3
4379,NCT00230074,PHASE2
4380,NCT07411274,PHASE3
4381,NCT07334574,PHASE1
4382,NCT05901974,PHASE2
4383,NCT05757518,NA
4384,NCT05199818,PHASE3
4385,NCT05606718,PHASE4
4386,NCT03561818,NA
4387,NCT02293018,PHASE1
4388,NCT02293018,PHASE2
4389,NCT00349518,PHASE2
4390,NCT00349518,PHASE3
4391,NCT04283318,NA
4392,NCT07455318,PHASE3
4393,NCT05410418,PHASE2
4394,NCT03010618,NA
4395,NCT00058318,PHASE2
4396,NCT01708018,NA
4397,NCT05134818,NA
4398,NCT00991718,PHASE1
4399,NCT04041518,NA
4400,NCT07307118,NA
4401,NCT01641718,NA
4402,NCT01791218,NA
4403,NCT05999318,NA
4404,NCT07677618,NA
4405,NCT07567118,NA
4406,NCT03997318,PHASE3
4407,NCT06004518,NA
4408,NCT04618718,NA
4409,NCT01555190,NA
4410,NCT05433090,NA
4411,NCT01083290,PHASE1
4412,NCT04030390,NA
4413,NCT01518790,NA
4414,NCT04438590,NA
4415,NCT00071890,PHASE2
4416,NCT00292890,NA
4417,NCT02383290,NA
4418,NCT01214590,NA
4419,NCT03753490,NA
4420,NCT00036790,PHASE1
4421,NCT02405390,NA
4422,NCT00967590,PHASE2
4423,NCT04195490,NA
4424,NCT07614490,PHASE4
4425,NCT07290790,NA
4426,NCT02335190,NA
4427,NCT02498990,NA
4428,NCT06534190,PHASE2
4429,NCT07496190,PHASE2
4430,NCT07372690,NA
4431,NCT04773990,NA
4432,NCT01973790,PHASE3
4433,NCT06870890,NA
4434,NCT05711290,NA
4435,NCT04524390,PHASE2
4436,NCT02202590,NA
4437,NCT07657390,PHASE1
4438,NCT07657390,PHASE2
4439,NCT07139990,PHASE1
4440,NCT06937697,PHASE3
4441,NCT02756897,PHASE2
4442,NCT03691597,NA
4443,NCT01233297,PHASE2
4444,NCT04277897,PHASE1
4445,NCT00024297,NA
4446,NCT04667897,PHASE2
4447,NCT01527097,PHASE3
4448,NCT07583797,PHASE2
4449,NCT04058197,PHASE1
4450,NCT04058197,PHASE2
4451,NCT00581997,PHASE2
4452,NCT07096297,PHASE2
4453,NCT06733597,NA
4454,NCT02355197,PHASE4
